SD,SE,ND,NE
24,6,9,6
7,4,8,6
7,8,10,4
7,5,8,4
9,4,10,7
7,4,8,5
6,4,8,4
7,4,8,4
10,6,26,6
10,4,8,6
5,4,9,8
7,5,9,9
5,4,8,18
5,5,11,5
7,4,12,4
7,5,8,5
14,4,8,4
5,6,8,8
6,6,9,4
8,6,8,4
20,4,9,5
7,5,8,5
7,6,8,4
7,6,15,5
5,4,8,7
7,4,19,5
7,5,12,4
7,6,18,4
7,4,10,7
6,6,9,4
6,5,12,5
5,5,8,6
5,4,9,6
7,4,9,5
7,4,9,4
5,4,8,5
10,4,8,7
7,4,9,4
10,6,8,7
6,7,8,5
6,4,18,5
10,5,8,4
7,4,9,6
6,4,8,4
6,5,21,7
6,4,64,4
11,4,12,8
10,4,8,6
7,6,10,9
5,4,8,5
7,6,8,5
7,6,8,4
13,6,9,7
5,4,8,5
10,5,9,4
6,4,9,5
7,4,19,4
9,5,8,4
5,5,8,4
5,6,9,16
10,6,8,4
7,5,8,4
5,4,12,4
5,17,12,7
7,6,8,4
6,5,8,4
5,4,8,4
6,5,9,7
7,7,8,5
7,6,9,4
11,4,8,5
7,4,8,6
5,5,8,4
10,4,10,7
7,4,8,6
7,4,11,4
5,4,8,4
32,4,9,4
5,5,10,4
6,5,10,6
6,4,11,6
5,4,10,10
10,6,10,6
5,4,11,5
7,6,9,11
5,4,9,4
5,5,24,4
6,4,12,5
7,4,8,6
6,5,8,4
10,5,8,4
7,6,8,12
5,5,8,7
6,4,16,4
8,5,7,4
6,5,12,4
5,4,10,13
5,5,10,9
6,4,8,4
10,4,7,15
10,4,11,5
7,4,11,4
5,4,8,7
10,5,10,5
7,4,8,7
6,5,11,6
7,6,11,6
5,5,10,4
6,4,8,6
7,4,11,4
5,4,8,4
5,4,8,4
10,5,9,4
5,6,11,4
5,4,8,5
6,5,9,5
7,6,8,4
6,6,9,4
18,4,15,6
10,5,8,7
5,6,9,5
5,5,9,8
6,6,10,10
5,6,8,6
5,4,8,4
5,4,8,5
6,4,8,6
11,4,9,4
6,4,9,9
6,4,9,6
10,5,10,6
5,4,8,5
7,6,8,4
5,5,9,7
7,4,13,5
7,4,8,4
9,5,8,4
5,4,9,4
6,5,9,5
9,4,8,4
7,4,9,4
5,4,8,6
10,4,15,5
8,4,8,4
7,5,8,6
13,5,9,4
6,5,8,4
6,4,9,4
7,8,9,5
7,4,8,4
14,6,8,4
5,4,13,5
6,5,8,8
7,6,9,4
6,4,12,8
10,4,15,5
5,5,47,5
10,4,8,7
7,4,16,4
7,6,12,7
8,4,10,4
7,5,8,4
9,5,12,5
5,5,8,5
6,4,8,5
24,5,8,4
6,4,13,8
5,5,8,9
6,4,26,4
6,4,15,5
33,4,16,5
5,4,8,5
7,5,9,5
9,4,8,9
16,5,8,4
6,5,8,4
7,5,8,7
5,5,9,4
6,4,8,5
5,5,8,6
5,4,8,6
7,5,9,7
8,5,8,8
7,6,9,4
6,4,8,4
5,6,8,6
11,5,8,4
10,5,14,4
11,4,9,5
6,4,11,6
6,5,7,4
9,4,8,6
8,7,9,4
7,4,25,6
10,4,12,5
7,5,9,5
5,5,8,4
10,4,8,5
7,5,11,5
7,4,8,7
6,4,8,7
5,4,9,7
5,4,10,5
5,4,8,16
6,6,9,5
10,4,8,4
6,4,8,4
7,5,8,6
5,7,8,6
7,5,8,6
6,4,8,5
7,4,11,5
7,6,8,4
9,4,8,4
7,4,8,6
7,6,15,6
7,5,8,6
11,4,14,4
7,7,11,4
7,6,9,6
14,5,11,5
5,4,10,4
11,4,11,6
9,4,8,4
5,5,7,6
5,6,11,4
7,4,8,6
6,4,11,4
5,4,9,5
8,8,9,4
10,5,8,5
7,4,9,8
7,6,12,4
5,6,8,4
5,4,7,4
7,5,11,8
10,4,14,7
5,5,8,4
9,4,16,5
7,6,9,5
7,6,12,4
5,4,9,8
5,4,8,5
6,6,9,5
6,4,8,4
7,4,8,10
10,4,14,4
10,5,14,5
8,5,8,6
10,5,8,7
10,5,15,4
7,5,22,6
7,4,8,7
8,4,11,4
10,4,7,4
49,4,9,6
10,6,8,4
8,5,8,4
7,6,11,6
10,6,23,6
5,4,12,5
5,4,8,4
5,4,9,4
7,5,8,4
5,4,9,5
5,4,10,8
10,5,9,16
7,5,8,4
8,4,8,5
6,4,10,8
21,4,12,4
5,7,8,4
12,4,14,5
10,4,9,4
7,4,7,5
7,6,9,4
7,4,8,6
7,6,8,7
10,5,8,6
12,6,8,4
7,4,7,6
10,4,7,4
5,5,8,10
5,5,11,7
6,4,13,4
6,5,8,5
10,4,8,6
7,4,8,6
5,4,9,6
5,4,12,4
6,4,8,8
5,4,11,4
9,5,8,5
5,4,7,4
15,4,8,4
5,5,13,4
6,6,13,5
7,7,8,5
7,4,8,6
10,5,8,4
6,5,9,5
5,5,8,5
6,6,9,4
5,4,8,5
7,5,8,6
5,5,8,6
7,4,16,4
5,4,39,4
6,4,11,6
5,4,8,4
6,6,8,9
15,6,15,4
5,4,8,4
10,5,10,4
5,4,8,5
7,4,10,5
15,5,11,4
10,5,8,4
6,4,10,15
8,4,9,4
10,4,10,5
7,4,11,6
7,5,8,4
7,5,8,8
6,4,11,4
7,4,33,5
7,6,15,4
6,4,8,5
7,5,9,4
7,5,10,7
7,5,9,4
5,5,16,8
7,6,10,4
6,4,8,5
6,4,11,4
6,4,8,4
5,5,9,6
5,7,11,4
7,5,8,7
10,4,8,7
6,6,10,4
5,4,8,6
5,6,8,8
7,5,9,5
6,5,12,4
5,6,9,4
10,4,13,4
5,4,8,5
6,5,9,6
7,8,13,5
7,5,8,4
6,6,9,6
13,5,8,10
7,5,8,5
10,4,8,9
6,4,8,6
7,5,8,4
10,6,11,6
10,5,7,10
7,5,9,6
7,5,8,7
5,4,8,4
6,5,9,5
6,5,20,4
7,5,8,4
10,5,10,4
8,4,8,4
10,5,8,4
10,6,11,4
7,6,15,4
7,5,10,6
16,6,8,4
7,4,9,10
8,5,9,7
5,4,8,4
9,4,13,6
6,6,8,4
7,4,11,4
6,6,10,6
7,4,11,4
7,4,8,4
6,6,8,6
7,5,12,5
10,4,12,5
7,5,9,4
10,4,9,8
9,4,11,5
6,6,8,12
6,4,8,7
10,4,9,4
17,7,8,6
9,4,8,5
5,5,8,4
5,6,8,4
8,7,8,8
9,5,10,5
6,4,8,6
5,6,9,4
11,4,21,4
7,5,28,6
7,5,8,4
5,4,15,4
10,4,12,6
9,6,8,7
8,4,13,6
7,4,13,4
10,4,8,4
7,7,8,5
7,5,8,7
8,4,8,4
7,4,10,4
11,4,8,5
5,4,8,4
5,4,8,4
10,6,11,4
5,4,12,4
6,4,10,4
6,5,8,5
10,5,8,7
10,4,8,5
7,4,11,4
9,4,7,5
5,8,8,6
10,5,16,4
7,4,9,4
7,5,18,8
7,5,7,7
7,4,7,4
10,7,13,7
7,5,9,6
10,4,11,4
9,5,9,4
7,4,8,4
7,7,8,4
13,5,9,4
9,5,9,5
7,4,8,12
10,4,9,4
7,6,26,11
5,6,8,9
6,4,9,5
7,4,11,4
9,4,8,8
7,5,8,8
7,5,8,5
5,4,8,5
5,4,8,4
10,4,8,5
6,4,8,9
8,4,9,4
6,7,8,7
7,4,8,4
7,5,8,5
5,4,12,5
21,4,9,6
5,5,11,4
10,4,9,4
6,4,8,4
7,5,8,4
6,4,11,6
10,5,8,5
5,5,11,4
7,5,9,6
6,5,8,6
8,4,12,5
8,5,8,5
7,5,8,5
7,4,8,4
7,4,8,4
9,5,8,6
10,6,8,6
7,4,8,9
5,4,8,9
6,17,8,4
5,4,8,8
6,5,19,16
6,4,11,4
7,5,11,6
7,4,8,6
7,6,8,7
8,5,8,4
6,5,8,4
7,4,12,5
8,5,8,6
5,4,9,5
7,4,10,7
6,4,8,5
8,4,8,5
5,4,8,6
6,6,11,4
6,6,8,4
6,7,8,6
8,4,10,12
6,5,8,5
5,6,8,5
5,4,8,7
7,4,11,5
6,4,8,5
6,4,10,5
6,5,9,4
5,5,10,4
6,5,8,4
9,4,13,6
10,6,11,12
10,5,8,4
5,6,9,4
6,4,12,4
12,5,8,6
5,4,9,5
5,6,10,5
10,5,9,6
7,5,9,4
14,4,8,4
5,4,12,8
5,4,8,6
12,5,15,4
6,4,8,4
7,6,8,4
10,4,11,5
7,6,8,4
7,5,8,6
5,4,8,4
9,5,8,6
15,5,8,8
8,4,8,4
6,4,8,4
7,4,8,6
5,6,8,5
10,4,8,4
7,4,8,7
5,4,8,5
7,4,11,6
5,4,9,4
10,5,9,6
7,6,11,6
8,6,21,7
7,4,8,5
7,5,11,4
7,4,12,7
7,4,8,6
10,5,10,4
8,6,15,6
5,4,9,4
5,5,8,4
7,4,8,6
5,5,8,4
6,4,8,4
7,5,8,7
5,5,8,4
6,5,9,5
38,4,13,6
12,6,8,5
7,6,10,4
7,5,9,7
7,5,8,5
7,4,8,5
5,4,12,4
7,4,10,4
9,4,8,4
6,4,9,8
7,5,11,7
7,4,9,4
5,6,8,4
5,6,19,7
6,4,8,5
10,4,10,6
9,4,8,4
7,5,11,5
7,6,14,7
5,6,8,5
7,4,9,4
10,4,9,8
7,4,8,4
6,5,9,4
7,5,8,4
5,4,8,4
10,4,8,7
5,6,8,4
7,4,10,4
5,4,8,4
10,6,8,4
28,4,9,5
5,6,9,5
6,4,9,8
10,4,15,4
7,4,8,4
5,5,11,7
7,4,9,6
5,5,8,7
7,6,15,7
20,4,11,4
7,4,12,4
8,4,7,6
6,4,11,8
6,8,8,5
10,5,11,4
6,4,8,4
7,5,11,4
7,5,8,6
7,6,8,6
5,6,8,6
7,4,8,6
6,4,8,5
6,7,8,4
7,6,8,6
5,7,8,5
5,6,9,4
7,4,8,4
5,6,9,8
7,5,7,4
7,4,18,8
8,4,8,8
9,4,8,6
10,4,9,5
9,4,11,7
5,5,18,4
5,7,9,4
8,5,9,6
5,5,8,6
7,4,9,4
5,5,9,5
10,4,15,4
6,4,11,4
7,6,8,4
7,5,8,8
6,6,11,4
9,4,8,5
8,4,8,4
5,5,10,4
8,5,8,6
7,4,8,5
10,4,11,6
9,4,8,4
7,5,9,4
14,4,8,8
8,5,8,4
10,6,9,5
7,5,8,4
10,4,9,9
6,4,16,4
7,4,8,4
7,6,14,4
6,4,8,9
5,6,12,8
5,5,10,7
7,5,8,4
5,5,7,4
7,4,10,5
7,5,9,7
7,5,24,4
7,5,19,4
6,6,8,5
5,6,8,5
7,4,9,4
5,4,9,5
5,4,8,4
10,4,15,4
5,4,8,5
5,4,12,4
5,5,9,4
10,4,8,5
10,6,10,8
9,7,8,4
6,4,9,4
5,5,11,4
6,4,11,4
8,4,8,5
5,4,9,6
6,4,8,4
10,4,13,7
11,5,8,5
7,4,8,6
6,4,8,5
10,7,10,6
7,5,8,7
5,4,8,4
7,4,8,10
16,5,16,6
9,4,15,5
7,4,10,5
10,5,8,7
7,5,8,6
10,4,11,4
10,5,10,4
5,4,10,5
7,4,8,4
11,4,8,5
5,5,9,6
8,4,11,5
7,5,9,4
13,4,13,5
6,4,8,4
7,5,8,4
10,5,8,4
5,4,8,7
10,4,8,4
6,6,8,11
6,5,8,6
12,4,15,4
10,5,8,5
7,4,8,5
5,4,8,8
5,5,9,5
7,4,8,7
10,6,8,5
5,4,8,4
11,4,11,4
10,4,8,9
5,5,11,7
7,6,8,6
5,4,8,3
10,4,11,6
5,5,15,4
5,17,12,4
5,5,8,4
7,4,8,4
5,4,8,5
5,4,8,5
10,4,8,4
7,5,8,6
7,4,8,4
5,6,8,7
5,5,8,4
9,6,8,6
6,4,8,5
8,4,7,5
7,4,9,5
5,4,8,4
6,4,16,6
5,6,11,4
10,4,8,4
5,5,8,4
6,7,8,4
5,5,26,4
7,4,8,4
5,4,9,4
11,4,9,5
7,9,8,6
8,5,8,5
6,4,9,7
7,7,8,5
5,4,9,4
6,5,8,8
7,4,9,4
5,6,8,7
7,4,11,4
5,6,8,5
6,4,18,4
7,4,8,4
5,4,7,5
5,4,8,7
8,4,8,4
6,5,8,4
18,4,9,4
7,5,11,4
5,5,8,5
6,5,9,6
10,5,8,5
15,4,11,8
272,4,8,4
7,5,8,4
5,5,14,5
6,7,8,5
5,4,14,6
10,4,14,7
5,4,11,6
6,6,8,4
7,5,13,4
10,7,8,6
10,4,8,4
11,6,9,4
7,7,8,4
6,5,12,6
8,4,11,4
7,7,19,7
10,4,12,7
7,5,11,5
5,6,11,4
9,5,8,9
7,4,8,4
10,6,8,5
7,5,8,4
5,5,9,4
6,5,8,5
6,5,8,4
5,8,8,4
10,5,9,6
7,4,8,6
9,4,8,4
7,6,9,4
6,6,7,5
7,4,9,4
5,4,17,5
5,4,8,4
6,4,8,7
5,5,8,8
5,4,9,6
5,5,8,4
6,5,13,7
6,5,8,9
5,4,9,6
5,4,8,4
8,4,9,5
7,4,13,4
5,6,8,4
10,6,11,4
7,4,10,4
7,4,8,6
7,4,8,7
10,8,8,7
7,5,8,4
6,4,8,6
8,4,11,4
11,5,26,4
6,4,10,7
7,4,8,5
6,5,11,4
6,4,9,7
6,4,8,6
6,5,8,4
5,5,8,14
5,4,8,4
7,4,10,11
6,6,9,4
7,5,9,6
5,4,8,21
5,4,7,4
5,4,7,4
7,4,8,4
13,5,8,8
6,5,8,7
7,4,12,4
5,4,10,4
6,5,9,7
10,5,8,7
6,4,8,4
7,5,8,4
7,4,12,4
7,4,8,8
5,4,8,4
6,6,12,4
7,4,9,4
10,4,9,5
6,5,8,6
6,5,8,10
6,5,8,6
7,4,11,6
7,9,8,6
5,4,30,4
7,4,9,5
5,4,10,4
5,5,8,6
7,4,9,4
7,5,8,4
6,4,11,8
7,5,18,4
5,5,12,4
11,5,16,6
6,5,11,4
10,4,13,5
6,6,9,4
5,4,8,6
7,5,20,4
5,4,8,7
7,6,8,5
7,6,10,4
10,4,8,7
10,7,10,4
11,4,8,7
5,6,8,4
7,6,7,6
7,4,9,4
11,5,8,4
5,5,8,6
5,4,8,4
16,5,8,5
5,8,9,4
7,5,8,5
10,5,8,6
15,4,14,6
6,5,8,5
10,5,8,6
10,4,8,4
6,4,8,7
7,5,8,5
7,6,10,5
10,5,8,12
5,5,8,4
6,4,27,4
6,4,11,5
8,5,8,4
15,7,8,7
15,4,26,4
7,8,8,4
5,5,10,5
5,4,8,4
8,6,9,12
6,7,8,4
6,5,8,4
17,4,8,6
5,5,8,4
7,5,8,9
7,4,7,4
7,4,10,7
7,4,9,4
5,4,9,8
5,4,18,6
10,6,20,7
6,5,12,5
5,5,10,4
7,4,26,10
5,4,7,6
5,5,9,7
6,5,13,4
5,5,8,7
6,6,8,5
7,4,9,6
7,5,11,5
13,5,8,4
7,6,11,4
8,6,11,4
5,5,10,7
7,4,8,5
7,5,8,4
7,4,15,7
5,6,8,4
7,4,8,4
12,4,9,6
7,5,9,7
7,4,8,6
5,6,8,4
8,4,8,4
7,4,12,4
10,6,9,6
7,5,8,4
5,6,8,4
7,4,8,4
5,4,8,8
7,5,14,6
7,4,11,4
7,4,8,5
5,6,11,5
15,5,9,5
5,5,8,4
5,5,12,6
5,5,8,6
6,5,8,5
7,4,11,4
6,5,8,4
6,6,8,6
5,4,10,4
8,6,7,5
7,4,8,7
7,5,9,5
5,5,8,7
7,4,11,5
10,4,11,12
13,5,8,6
10,4,12,4
6,5,18,5
6,4,8,4
10,4,11,9
8,5,11,5
6,5,8,4
7,4,8,4
10,4,9,5
5,4,9,4
6,4,12,4
10,4,9,7
6,5,7,5
5,4,9,4
10,6,12,7
9,5,8,4
6,6,8,4
5,5,8,4
6,6,9,5
6,5,11,10
7,4,15,11
5,5,8,4
8,6,8,7
6,4,8,9
5,4,8,7
10,5,8,5
10,4,8,4
7,5,11,7
6,6,9,4
5,4,8,9
5,5,8,9
7,4,11,5
6,5,11,4
10,5,16,6
5,4,8,4
5,5,8,6
6,4,10,7
6,5,8,4
10,4,8,6
10,6,8,4
10,5,8,4
7,5,8,5
5,5,8,6
5,5,11,4
10,9,10,5
19,4,8,6
10,6,11,4
6,6,8,4
11,4,10,6
6,4,11,4
7,4,8,6
7,4,9,4
7,5,8,4
8,4,19,5
7,4,11,4
21,17,8,4
7,5,10,5
6,5,8,8
8,4,11,7
6,4,8,4
10,5,9,5
5,4,8,4
10,8,12,6
8,7,8,6
10,4,8,4
6,4,15,8
16,5,9,8
10,6,12,4
18,4,15,4
6,5,10,4
5,4,10,4
10,7,10,4
5,5,8,5
7,5,7,6
7,5,11,6
7,5,8,4
10,4,8,4
8,5,8,6
10,4,8,9
5,4,8,4
5,5,8,6
7,4,10,4
5,5,15,8
6,5,8,7
6,4,11,8
7,4,8,4
10,5,8,7
10,4,9,4
5,5,9,4
8,4,18,4
7,4,11,4
7,4,8,9
10,4,8,4
10,4,11,6
7,4,8,9
6,4,10,9
7,4,8,5
7,4,9,7
7,4,9,6
10,7,8,5
8,5,9,8
16,4,8,5
6,4,22,5
10,4,9,5
5,4,8,13
5,4,8,5
7,5,8,4
7,4,10,5
6,5,15,6
10,4,8,6
10,4,8,4
5,4,8,6
7,4,8,4
7,4,12,5
14,4,46,6
9,4,8,4
7,5,8,6
7,4,9,5
9,5,9,4
11,6,10,5
5,4,9,6
7,6,9,4
5,5,10,8
7,4,9,4
14,6,8,5
5,4,19,4
5,4,11,4
11,4,10,4
7,5,9,5
,4,15,4
,4,8,6
,4,8,4
,4,8,4
,4,8,5
,4,8,6
,4,8,4
,5,9,6
,5,11,8
,4,8,4
,5,8,8
,7,8,5
,4,9,5
,4,8,5
,4,9,4
,5,9,4
,5,12,4
,5,8,10
,5,8,6
,4,8,8
,4,9,4
,4,8,7
,6,8,6
,5,14,5
,4,8,10
,4,10,4
,4,8,5
,4,9,6
,6,9,5
,4,8,6
,5,9,4
,4,8,4
,5,8,4
,4,8,4
,4,9,4
,4,10,4
,7,11,8
,4,8,5
,5,7,5
,4,8,4
,4,10,5
,4,10,5
,5,12,5
,4,14,4
,6,8,6
,5,9,4
,6,10,5
,4,12,4
,7,12,4
,4,8,5
,5,8,5
,4,8,7
,4,9,7
,4,26,5
,4,8,5
,4,11,6
,6,8,5
,6,8,5
,4,8,6
,5,8,6
,4,8,4
,5,9,8
,4,8,5
,5,8,5
,6,8,4
,6,13,4
,5,17,4
,5,8,5
,6,9,4
,4,8,5
,4,8,7
,4,8,4
,4,8,9
,5,24,4
,6,8,4
,4,8,15
,4,10,4
,4,14,6
,4,8,7
,4,8,5
,6,10,4
,5,12,7
,4,11,4
,4,10,4
,6,8,5
,5,8,6
,7,11,4
,4,8,4
,5,8,4
,4,10,6
,6,8,6
,4,9,4
,4,9,4
,5,8,4
,5,8,5
,4,8,6
,5,15,4
,4,8,7
,4,7,7
,5,8,8
,4,8,5
,4,8,6
,5,15,8
,6,8,20
,6,8,6
,5,8,6
,4,16,4
,4,8,4
,5,8,4
,4,15,8
,4,8,7
,4,12,7
,4,8,7
,5,10,6
,5,10,4
,4,11,4
,4,8,8
,4,14,8
,7,8,4
,4,7,4
,5,8,8
,4,8,4
,4,9,4
,6,18,6
,5,11,5
,5,10,4
,5,8,5
,5,17,4
,4,8,7
,5,12,4
,4,8,4
,5,11,4
,4,8,4
,4,10,4
,5,9,7
,4,8,5
,5,8,6
,4,8,5
,4,7,4
,4,14,4
,4,18,4
,6,9,5
,6,8,6
,4,8,6
,5,8,6
,5,9,4
,4,8,5
,5,8,7
,7,15,8
,4,19,6
,4,8,7
,6,8,5
,5,8,4
,4,8,4
,6,8,4
,5,8,7
,6,8,4
,6,8,5
,5,11,4
,4,8,5
,7,8,4
,4,9,5
,5,8,6
,4,11,4
,6,8,8
,4,9,4
,7,8,8
,4,9,4
,4,8,6
,4,8,4
,5,11,5
,4,9,6
,4,8,6
,7,9,8
,4,9,9
,6,8,7
,4,12,7
,5,8,7
,4,9,4
,5,10,7
,4,11,4
,5,8,7
,4,8,4
,18,8,7
,6,9,4
,5,15,4
,4,9,4
,5,8,4
,6,18,7
,4,8,6
,4,8,6
,4,11,4
,4,10,5
,8,8,4
,4,8,4
,5,12,5
,4,8,4
,5,11,6
,4,8,6
,4,8,4
,4,8,4
,4,7,5
,4,8,5
,4,9,4
,4,8,6
,5,8,4
,4,9,5
,4,10,5
,6,8,6
,4,8,4
,4,10,5
,4,11,2
,4,8,5
,5,10,7
,4,8,5
,4,8,6
,5,8,4
,4,8,4
,4,8,7
,5,10,6
,4,8,5
,4,9,5
,4,10,6
,4,12,5
,4,8,5
,4,9,5
,6,8,7
,4,9,8
,6,10,7
,4,8,5
,5,8,4
,5,10,5
,5,50,5
,6,12,4
,4,9,8
,4,8,6
,5,15,5
,5,8,6
,6,8,4
,5,8,4
,4,8,7
,4,9,4
,4,8,4
,4,8,5
,4,8,5
,5,11,4
,4,8,4
,4,10,4
,4,8,5
,6,9,4
,6,10,4
,5,8,4
,5,9,5
,5,12,6
,5,13,4
,4,8,4
,4,8,4
,4,8,5
,6,11,4
,5,8,6
,4,11,7
,4,8,7
,5,9,7
,4,9,4
,5,9,8
,6,9,4
,6,8,11
,4,11,4
,4,10,6
,8,15,7
,4,8,6
,4,8,4
,5,8,6
,4,8,6
,4,10,4
,4,8,5
,4,8,6
,6,8,5
,5,8,6
,4,9,6
,4,8,6
,5,9,6
,6,26,4
,4,8,5
,4,8,6
,4,8,5
,4,9,4
,4,8,6
,4,9,4
,4,54,4
,5,18,4
,4,8,8
,5,8,5
,4,10,4
,4,16,5
,5,8,4
,4,8,4
,5,10,4
,4,8,4
,5,14,4
,4,9,11
,5,8,4
,5,8,9
,4,8,7
,6,9,6
,5,,5
,6,,4
,4,,7
,5,,7
,4,,7
,4,,5
,4,,5
,5,,5
,5,,5
,6,,4
,4,,4
,5,,5
,6,,6
,5,,7
,5,,4
,4,,7
,4,,6
,4,,5
,6,,6
,4,,7
,4,,6
,4,,4
,6,,4
,6,,5
,5,,6
,5,,5
,5,,4
,4,,5
,4,,7
,4,,8
,5,,4
,5,,4
,5,,8
,8,,4
,4,,4
,5,,6
,6,,4
,7,,7
,5,,4
,7,,4
,4,,6
,5,,4
,4,,5
,5,,4
,6,,6
,4,,5
,5,,4
,7,,6
,5,,4
,4,,8
,6,,4
,4,,6
,4,,6
,4,,8
,6,,4
,5,,8
,4,,5
,6,,4
,6,,4
,6,,5
,6,,8
,6,,5
,6,,6
,5,,8
,5,,4
,4,,4
,5,,7
,5,,4
,5,,5
,4,,5
,5,,5
,4,,4
,4,,6
,7,,7
,4,,4
,5,,4
,4,,5
,5,,6
,4,,7
,5,,5
,6,,4
,5,,4
,4,,5
,4,,5
,4,,8
,6,,6
,4,,4
,4,,5
,4,,4
,4,,11
,6,,4
,4,,7
,5,,4
,5,,6
,4,,6
,4,,9
,4,,7
,6,,4
,4,,8
,5,,6
,5,,4
,5,,5
,4,,5
,5,,6
,4,,5
,5,,4
,5,,4
,6,,4
,5,,4
,4,,6
,4,,7
,4,,5
,5,,4
,6,,4
,10,,9
,6,,5
,4,,11
,4,,7
,4,,6
,5,,7
,6,,6
,5,,4
,5,,4
,4,,4
,4,,5
,5,,4
,4,,4
,4,,4
,6,,4
,4,,4
,5,,5
,5,,6
,6,,6
,6,,4
,6,,5
,4,,4
,4,,4
,6,,4
,4,,4
,5,,4
,,,6
,,,4
,,,6
,,,4
,,,5
,,,4
,,,5
,,,7
,,,8
,,,4
,,,4
,,,4
,,,6
,,,4
,,,6
,,,4
,,,5
,,,4
,,,4
,,,4
,,,4
,,,4
,,,4
,,,4
,,,5
,,,4
,,,6
,,,5
,,,5
,,,4
,,,6
,,,7
,,,5
,,,4
,,,4
,,,8
,,,4
,,,4
,,,4
,,,5
,,,4
,,,7
,,,4
,,,8
,,,7
,,,5
,,,5
,,,5
,,,4
,,,5
,,,4
,,,5
,,,7
,,,6
,,,5
,,,7
,,,4
,,,5
,,,4
,,,4
,,,9
,,,5
,,,6
,,,6
,,,4
,,,7
,,,4
,,,4
,,,4
,,,4
,,,4
,,,4
,,,5
,,,4
,,,4
,,,4
,,,5
,,,5
,,,5
,,,4
,,,4
,,,4
,,,9
,,,5
,,,6
,,,5
,,,4
,,,5
,,,4
,,,5
,,,5
,,,4
,,,4
,,,7
,,,4
,,,4
,,,4
,,,6
,,,7
,,,5
,,,7
,,,5
,,,9
,,,4
,,,6
,,,5
,,,5
,,,4
,,,4
,,,6
,,,6
,,,4
,,,4
,,,4
,,,6
,,,4
,,,4
,,,4
,,,6
,,,5
,,,4
,,,4
,,,6
,,,8
,,,4
,,,4
,,,5
,,,7
,,,6
,,,6
,,,4
,,,4
,,,4
,,,6
,,,6
,,,5
,,,4
,,,6
,,,5
,,,15
,,,5
,,,7
,,,4
,,,8
,,,4
,,,5
,,,4
,,,4
,,,6
,,,4
,,,6
,,,5
,,,4
,,,9
,,,5
,,,4
,,,7
,,,5
,,,6
,,,5
,,,5
,,,5
,,,5
,,,7
,,,5
,,,5
,,,4
,,,6
,,,4
,,,4
,,,6
,,,7
,,,7
,,,5
,,,5
,,,4
,,,5
,,,5
,,,4
,,,4
,,,4
,,,5
,,,4
,,,5
,,,12
,,,4
,,,4
,,,7
,,,5
,,,4
,,,7
,,,4
,,,9
,,,4
,,,4
,,,5
,,,5
,,,4
,,,5
,,,4
,,,5
,,,6
,,,8
,,,5
,,,5
,,,4
,,,5
,,,5
,,,5
,,,4
,,,7
,,,6
,,,7
,,,8
,,,5
,,,4
,,,4
,,,4
,,,4
,,,4
,,,8
,,,4
,,,6
,,,4
,,,5
,,,7
,,,4
,,,5
,,,6
,,,5
,,,4
,,,4
,,,4
,,,4
,,,4
,,,5
,,,4
,,,7
,,,6
,,,7
,,,7
,,,4
,,,5
,,,5
,,,5
,,,14
,,,6
,,,5
,,,6
,,,5
,,,4
,,,7
,,,5
,,,5
,,,4
,,,4
,,,4
,,,6
,,,4
,,,4
,,,4
,,,5
,,,4
,,,4
,,,4
,,,9
,,,4
,,,4
,,,6
,,,6
,,,6
,,,5
,,,4
,,,4
,,,4
,,,4
,,,4
,,,7
,,,4
,,,6
,,,6
,,,5
,,,4
,,,4
,,,4
,,,4
,,,7
,,,8
,,,5
,,,5
,,,7
,,,5
,,,8
,,,4
,,,4
,,,7
,,,4
,,,4
,,,4
,,,7
,,,4
,,,4
,,,7
,,,4
,,,6
,,,7
,,,7
,,,6
,,,6
,,,5
,,,6
,,,5
,,,4
,,,4
,,,6
,,,5
,,,4
,,,4
,,,6
,,,4
,,,6
,,,4
,,,4
,,,8
,,,4
,,,5
,,,6
,,,5
,,,7
,,,4
,,,6
,,,4
,,,6
,,,6
,,,5
,,,6
,,,4
,,,7
,,,5
,,,4
,,,4
,,,4
,,,6
,,,9
,,,4
,,,4
,,,4
,,,5
,,,4
,,,4
,,,4
,,,4
,,,4
,,,4
,,,5
,,,4
,,,4
,,,4
,,,6
,,,4
,,,5
,,,4
,,,8
,,,9
,,,4
,,,4
,,,4
,,,6
,,,7
,,,6
,,,8
,,,4
,,,5
,,,4
,,,6
,,,7
,,,5
,,,4
,,,4
,,,8
,,,7
,,,4
,,,5
,,,6
,,,5
,,,6
,,,4
,,,4
,,,4
,,,4
,,,5
,,,5
,,,6
,,,4
,,,4
,,,6
,,,7
,,,4
,,,4
,,,4
,,,7
,,,5
,,,6
,,,6
,,,4
,,,4
,,,7
,,,5
,,,4
,,,6
,,,5
,,,6
,,,4
,,,9
,,,4
,,,6
,,,4
,,,5
,,,8
,,,6
,,,7
,,,11
,,,8
,,,4
,,,7
,,,5
,,,5
,,,4
,,,4
,,,4
,,,4
,,,4
,,,5
,,,4
,,,6
,,,4
,,,4
,,,7
,,,4
,,,5
,,,6
,,,5
,,,6
,,,4
,,,4
,,,7
,,,4
,,,6
,,,4
,,,5
,,,5
,,,6
,,,8
,,,6
,,,7
,,,6
,,,7
,,,4
,,,5
,,,6
,,,4
,,,7
,,,4
,,,5
,,,4
,,,4
,,,4
,,,4
,,,6
,,,4
,,,6
,,,7
,,,5
,,,4
,,,4
,,,7
,,,10
,,,4
,,,5
,,,5
,,,4
,,,6
,,,4
,,,8
,,,4
,,,5
,,,4
,,,13
,,,7
,,,4
,,,4
,,,6
,,,7
,,,6
,,,4
,,,5
,,,6
,,,7
,,,5
,,,4
,,,8
,,,8
,,,6
,,,4
,,,7
,,,8
,,,4
,,,5
,,,4
,,,4
,,,5
,,,7
,,,6
,,,9
,,,4
,,,8
,,,4
,,,7
,,,4
,,,6
,,,4
,,,5
,,,6
,,,4
,,,4
,,,4
,,,4
,,,4
,,,6
,,,4
,,,5
,,,4
,,,6
,,,5
,,,5
,,,4
,,,5
,,,8
,,,4
,,,6
,,,6
,,,4
,,,4
,,,4
,,,5
,,,5
,,,7
,,,6
,,,5
,,,4
,,,5
,,,5
,,,5
,,,7
,,,6
,,,4
,,,5
,,,4
,,,5
,,,6
,,,4
,,,4
,,,11
,,,6
,,,4
,,,5
,,,6
,,,4
,,,4
,,,4
,,,7
,,,6
,,,7
,,,5
,,,4
,,,4
,,,5
,,,5
,,,9
,,,4
,,,7
,,,6
,,,5
,,,4
,,,4
,,,4
,,,6
,,,6
,,,7
,,,4
,,,5
,,,5
,,,4
,,,6
,,,8
,,,4
,,,4
,,,7
,,,4
,,,4
,,,7
,,,4
,,,4
,,,5
,,,4
,,,6
,,,7
,,,5
,,,5
,,,6
,,,8
,,,4
,,,6
,,,8
,,,4
,,,7
,,,6
,,,7
,,,5
,,,11
,,,4
,,,6
,,,7
,,,8
,,,5
,,,8
,,,4
,,,4
,,,4
,,,6
,,,6
,,,5
,,,4
,,,5
,,,5
,,,5
,,,4
,,,4
,,,6
,,,4
,,,4
,,,6
,,,5
,,,4
,,,7
,,,4
,,,4
,,,4
,,,4
,,,4
,,,6
,,,6
,,,6
,,,5
,,,8
,,,4
,,,6
,,,4
,,,6
,,,5
,,,8
,,,6
,,,7
,,,4
,,,4
,,,5
,,,4
,,,4
,,,5
,,,7
,,,6
,,,8
,,,10
,,,4
,,,8
,,,8
,,,6
,,,4
,,,6
,,,4
,,,4
,,,7
,,,7
,,,4
,,,4
,,,4
,,,4
,,,4
,,,7
,,,6
,,,5
,,,6
,,,4
,,,4
,,,4
,,,4
,,,6
,,,7
,,,11
,,,4
,,,4
,,,4
,,,8
,,,4
,,,5
,,,4
,,,4
,,,4
,,,5
,,,4
,,,4
,,,5
,,,4
,,,6
,,,4
,,,5
,,,4
,,,6
,,,4
,,,6
,,,8
,,,9
,,,6
,,,4
,,,6
,,,4
,,,4
,,,4
,,,8
,,,4
,,,5
,,,7
,,,9
,,,4
,,,6
,,,4
,,,4
,,,4
,,,4
,,,4
,,,7
,,,4
,,,7
,,,5
,,,6
,,,4
,,,6
,,,6
,,,7
,,,4
,,,4
,,,6
,,,6
,,,7
,,,4
,,,4
,,,5
,,,6
,,,4
,,,4
,,,4
,,,4
,,,8
,,,5
,,,5
,,,7
,,,4
,,,6
,,,4
,,,7
,,,8
,,,17
,,,7
,,,5
,,,5
,,,4
,,,4
,,,6
,,,7
,,,4
,,,8
,,,4
,,,6
,,,4
,,,4
,,,8
,,,9
,,,6
,,,4
,,,6
,,,6
,,,7
,,,4
,,,5
,,,7
,,,7
,,,7
,,,4
,,,4
,,,5
,,,6
,,,4
,,,4
,,,4
,,,5
,,,4
,,,4
,,,4
,,,6
,,,8
,,,5
,,,4
,,,7
,,,4
,,,5
,,,6
,,,4
,,,4
,,,7
,,,6
,,,4
,,,9
,,,6
,,,4
,,,4
,,,4
,,,5
,,,5
,,,4
,,,6
,,,4
,,,7
,,,5
,,,5
,,,7
,,,5
,,,8
,,,6
,,,6
,,,4
,,,4
,,,7
,,,4
,,,4
,,,4
,,,6
,,,5
,,,4
,,,5
,,,4
,,,4
,,,5
,,,4
,,,4
,,,6
,,,7
,,,4
,,,4
,,,6
,,,5
,,,4
,,,7
,,,4
,,,4
,,,7
,,,6
,,,6
,,,10
,,,8
,,,6
,,,4
,,,5
,,,8
,,,6
,,,4
,,,4
,,,6
,,,6
,,,4
,,,6
,,,4
,,,5
,,,6
,,,4
,,,6
,,,7
,,,6
,,,5
,,,4
,,,4
,,,5
,,,4
,,,7
,,,6
,,,4
,,,5
,,,6
,,,4
,,,4
,,,5
,,,6
,,,7
,,,5
,,,9
,,,5
,,,4
,,,4
,,,6
,,,4
,,,5
,,,5
,,,7
,,,5
,,,7
,,,6
,,,4
,,,5
,,,4
,,,4
,,,7
,,,6
,,,5
,,,5
,,,5
,,,7
,,,4
,,,7
,,,4
,,,4
,,,4
,,,6
,,,5
,,,6
,,,4
,,,4
,,,9
,,,7
,,,7
,,,6
,,,5
,,,4
,,,7
,,,4
,,,4
,,,4
,,,5
,,,7
,,,4
,,,7
,,,6
,,,4
,,,6
,,,7
,,,4
,,,4
,,,5
,,,4
,,,4
,,,4
,,,4
,,,4
,,,4
,,,4
,,,6
,,,4
,,,8
,,,6
,,,4
,,,7
,,,4
,,,7
,,,4
,,,4
,,,4
,,,4
,,,5
,,,4
,,,4
,,,4
,,,8
,,,4
,,,5
,,,7
,,,5
,,,6
,,,6
,,,6
,,,12
,,,5
,,,4
,,,5
,,,6
,,,8
,,,8
,,,4
,,,5
,,,5
,,,4
,,,4
,,,4
,,,4
,,,8
,,,5
,,,4
,,,4
,,,5
,,,6
,,,5
,,,5
,,,5
,,,13
,,,4
,,,4
,,,7
,,,4
,,,5
,,,5
,,,5
,,,4
,,,4
,,,5
,,,4
,,,7
,,,6
,,,5
,,,4
,,,4
,,,7
,,,5
,,,15
,,,6
,,,6
,,,6
,,,4
,,,4
,,,4
,,,4
,,,4
,,,4
,,,4
,,,6
,,,4
,,,4
,,,5
,,,4
,,,4
,,,5
,,,8
,,,4
,,,4
,,,5
,,,5
,,,6
,,,4
,,,4
,,,4
,,,6
,,,5
,,,5
,,,7
,,,6
,,,6
,,,5
,,,4
,,,4
,,,4
,,,4
,,,5
,,,5
,,,4
,,,6
,,,6
,,,6
,,,4
,,,4
,,,4
,,,5
,,,4
,,,5
,,,6
,,,7
,,,4
,,,6
,,,4
,,,4
,,,5
,,,5
,,,5
,,,8
,,,4
,,,4
,,,5
,,,7
,,,4
,,,4
,,,5
,,,5
,,,4
,,,6
,,,4
,,,7
,,,5
,,,4
,,,7
,,,5
,,,6
,,,6
,,,4
,,,4
,,,6
,,,7
,,,5
,,,7
,,,4
,,,5
,,,4
,,,4
,,,4
,,,5
,,,4
,,,4
,,,4
,,,4
,,,4
,,,4
,,,9
,,,4
,,,6
,,,4
,,,4
,,,4
,,,5
,,,7
,,,4
,,,4
,,,7
,,,4
,,,5
,,,4
,,,4
,,,4
,,,4
,,,6
,,,4
,,,7
,,,7
,,,4
,,,6
,,,5
,,,5
,,,4
,,,4
,,,10
,,,4
,,,7
,,,5
,,,8
,,,4
,,,6
,,,5
,,,4
,,,4
,,,5
,,,10
,,,4
,,,6
,,,7
,,,4
,,,5
,,,4
,,,5
,,,4
,,,9
,,,4
,,,4
,,,5
,,,4
,,,5
,,,6
,,,4
,,,4
,,,11
,,,4
,,,5
,,,4
,,,4
,,,6
,,,6
,,,4
,,,4
,,,4
,,,6
,,,4
,,,4
,,,4
,,,6
,,,4
,,,8
,,,4
,,,4
,,,6
,,,5
,,,5
,,,5
,,,4
,,,4
,,,4
,,,4
,,,5
,,,5
,,,4
,,,6
,,,5
,,,5
,,,4
,,,4
,,,5
,,,4
,,,9
,,,6
,,,8
,,,5
,,,7
,,,5
,,,6
,,,8
,,,6
,,,6
,,,5
,,,7
,,,4
,,,6
,,,8
,,,7
,,,8
,,,4
,,,7
,,,14
,,,6
,,,6
,,,8
,,,4
,,,6
,,,4
,,,5
,,,4
,,,4
,,,6
,,,6
,,,9
,,,4
,,,4
,,,5
,,,7
,,,4
,,,4
,,,4
,,,9
,,,7
,,,5
,,,4
,,,7
,,,4
,,,4
,,,4
,,,7
,,,4
,,,5
,,,5
,,,8
,,,9
,,,5
,,,5
,,,5
,,,4
,,,9
,,,4
,,,11
,,,5
,,,6
,,,5
,,,5
,,,4
,,,4
,,,6
,,,6
,,,5
,,,4
,,,5
,,,5
,,,5
,,,7
,,,4
,,,5
,,,4
,,,5
,,,6
,,,6
,,,4
,,,4
,,,4
,,,5
,,,4
,,,5
,,,6
,,,4
,,,4
,,,4
,,,4
,,,4
,,,6
,,,6
,,,7
,,,5
,,,4
,,,4
,,,5
,,,7
,,,6
,,,4
,,,6
,,,4
,,,4
,,,5
,,,4
,,,6
,,,7
,,,4
,,,4
,,,4
,,,5
,,,5
,,,6
,,,4
,,,4
,,,4
,,,6
,,,6
,,,5
,,,4
,,,5
,,,4
,,,9
,,,5
,,,5
,,,4
,,,4
,,,6
,,,7
,,,5
,,,4
,,,8
,,,5
,,,11
,,,4
,,,7
,,,4
,,,7
,,,4
,,,5
,,,11
,,,6
,,,5
,,,4
,,,8
,,,4
,,,4
,,,4
,,,4
,,,5
,,,4
,,,6
,,,5
,,,5
,,,4
,,,4
,,,4
,,,5
,,,5
,,,7
,,,5
,,,4
,,,4
,,,5
,,,4
,,,6
,,,4
,,,4
,,,4
,,,4
,,,4
,,,6
,,,4
,,,4
,,,5
,,,4
,,,4
,,,5
,,,7
,,,4
,,,5
,,,5
,,,7
,,,4
,,,5
,,,4
,,,4
,,,7
,,,4
,,,7
,,,4
,,,5
,,,4
,,,4
,,,5
,,,6
,,,4
,,,5
,,,5
,,,5
,,,11
,,,7
,,,7
,,,4
,,,4
,,,7
,,,5
,,,6
,,,4
,,,4
,,,4
,,,5
,,,5
,,,10
,,,5
,,,4
,,,4
,,,4
,,,4
,,,5
,,,7
,,,4
,,,4
,,,4
,,,4
,,,9
,,,4
,,,4
,,,7
,,,4
,,,5
,,,4
,,,7
,,,4
,,,6
,,,4
,,,4
,,,6
,,,4
,,,4
,,,4
,,,9
,,,6
,,,5
,,,6
,,,7
,,,7
,,,4
,,,7
,,,7
,,,4
,,,5
,,,4
,,,5
,,,4
,,,8
,,,6
,,,7
,,,5
,,,5
,,,4
,,,7
,,,5
,,,5
,,,5
,,,9
,,,6
,,,5
,,,7
,,,8
,,,5
,,,4
,,,4
,,,4
,,,5
,,,4
,,,5
,,,4
,,,6
,,,6
,,,4
,,,4
,,,4
,,,5
,,,4
,,,6
,,,4
,,,8
,,,5
,,,4
,,,4
,,,5
,,,5
,,,5
,,,4
,,,4
,,,4
,,,4
,,,4
,,,5
,,,4
,,,7
,,,4
,,,8
,,,4
,,,4
,,,5
,,,5
,,,5
,,,4
,,,6
,,,4
,,,5
,,,4
,,,4
,,,6
,,,5
,,,5
,,,4
,,,5
,,,5
,,,4
,,,4
,,,10
,,,5
,,,4
,,,6
,,,6
,,,4
,,,5
,,,7
,,,6
,,,6
,,,4
,,,7
,,,5
,,,4
,,,6
,,,6
,,,4
,,,4
,,,5
,,,5
,,,5
,,,4
,,,4
,,,6
,,,5
,,,7
,,,5
,,,5
,,,7
,,,4
,,,6
,,,6
,,,4
,,,7
,,,4
,,,6
,,,9
,,,4
,,,5
,,,4
,,,4
,,,4
,,,7
,,,4
,,,4
,,,4
,,,5
,,,6
,,,4
,,,4
,,,6
,,,4
,,,7
,,,15
,,,4
,,,4
,,,9
,,,6
,,,4
,,,4
,,,5
,,,4
,,,4
,,,4
,,,8
,,,7
,,,13
,,,4
,,,14
,,,5
,,,5
,,,5
,,,4
,,,4
,,,5
,,,4
,,,6
,,,4
,,,5
,,,4
,,,4
,,,5
,,,4
,,,5
,,,4
,,,4
,,,7
,,,4
,,,4
,,,6
,,,4
,,,11
,,,4
,,,7
,,,6
,,,4
,,,4
,,,7
,,,4
,,,8
,,,4
,,,7
,,,7
,,,4
,,,4
,,,7
,,,6
,,,6
,,,4
,,,4
,,,4
,,,4
,,,4
,,,4
,,,4
,,,4
,,,4
,,,4
,,,5
,,,4
,,,8
,,,6
,,,4
,,,5
,,,5
,,,5
,,,7
,,,5
,,,8
,,,5
,,,4
,,,6
,,,4
,,,4
,,,6
,,,6
,,,8
,,,4
,,,7
,,,4
,,,4
,,,5
,,,4
,,,7
,,,6
,,,10
,,,4
,,,6
,,,5
,,,4
,,,5
,,,6
,,,5
,,,6
,,,5
,,,4
,,,9
,,,5
,,,4
,,,4
,,,14
,,,4
,,,11
,,,4
,,,6
,,,4
,,,4
,,,6
,,,7
,,,8
,,,4
,,,4
,,,8
,,,6
,,,7
,,,5
,,,6
,,,5
,,,4
,,,4
,,,4
,,,5
,,,8
,,,4
,,,4
,,,5
,,,4
,,,6
,,,6
,,,4
,,,6
,,,5
,,,4
,,,4
,,,6
,,,4
,,,6
,,,4
,,,11
,,,9
,,,7
,,,5
,,,4
,,,6
,,,5
,,,5
,,,5
,,,10
,,,4
,,,4
,,,6
,,,4
,,,4
,,,5
,,,6
,,,7
,,,4
,,,6
,,,5
,,,5
,,,5
,,,4
,,,5
,,,6
,,,6
,,,5
,,,4
,,,5
,,,7
,,,7
,,,5
,,,8
,,,7
,,,5
,,,5
,,,4
,,,6
,,,4
,,,4
,,,6
,,,6
,,,9
,,,5
,,,5
,,,7
,,,6
,,,4
,,,4
,,,6
,,,4
,,,4
,,,6
,,,4
,,,4
,,,4
,,,4
,,,5
,,,4
,,,5
,,,7
,,,9
,,,10
,,,6
,,,4
,,,5
,,,4
,,,9
,,,5
,,,8
,,,5
,,,4
,,,4
,,,6
,,,5
,,,5
,,,4
,,,5
,,,4
,,,7
,,,4
,,,4
,,,9
,,,5
,,,4
,,,5
,,,4
,,,4
,,,7
,,,4
,,,5
,,,5
,,,4
,,,7
,,,7
,,,6
,,,6
,,,8
,,,4
,,,5
,,,5
,,,4
,,,4
,,,9
,,,9
,,,6
,,,5
,,,4
,,,6
,,,6
,,,4
,,,4
,,,5
,,,4
,,,4
,,,4
,,,5
,,,7
,,,4
,,,4
,,,4
,,,4
,,,5
,,,4
,,,4
,,,4
,,,5
,,,6
,,,6
,,,7
,,,4
,,,6
,,,6
,,,4
,,,4
,,,7
,,,5
,,,4
,,,4
,,,4
,,,4
,,,4
,,,4
,,,4
,,,4
,,,5
,,,4
,,,4
,,,4
,,,4
,,,4
,,,5
,,,4
,,,5
,,,5
,,,4
,,,7
,,,4
,,,13
,,,4
,,,6
,,,8
,,,39
,,,5
,,,4
,,,4
,,,9
,,,4
,,,4
,,,6
,,,4
,,,5
,,,6
,,,6
,,,5
,,,6
,,,4
,,,4
,,,5
,,,6
,,,4
,,,4
,,,7
,,,4
,,,6
,,,4
,,,7
,,,6
,,,4
,,,5
,,,4
,,,6
,,,4
,,,4
,,,5
,,,4
,,,6
,,,6
,,,6
,,,4
,,,5
,,,5
,,,5
,,,4
,,,5
,,,4
,,,4
,,,6
,,,4
,,,4
,,,5
,,,9
,,,6
,,,4
,,,5
,,,5
,,,4
,,,4
,,,4
,,,4
,,,5
,,,7
,,,5
,,,6
,,,5
,,,5
,,,5
,,,4
,,,4
,,,4
,,,6
,,,4
,,,7
,,,4
,,,4
,,,5
,,,5
,,,5
,,,4
,,,5
,,,8
,,,8
,,,5
,,,4
,,,7
,,,6
,,,8
,,,7
,,,4
,,,8
,,,4
,,,4
,,,4
,,,4
,,,7
,,,4
,,,5
,,,5
,,,4
,,,9
,,,5
,,,6
,,,6
,,,4
,,,6
,,,4
,,,5
,,,4
,,,6
,,,19
,,,6
,,,4
,,,4
,,,4
,,,4
,,,4
,,,10
,,,4
,,,6
,,,5
,,,10
,,,5
,,,5
,,,6
,,,5
,,,4
,,,4
,,,4
,,,5
,,,4
,,,6
,,,6
,,,4
,,,6
,,,5
,,,8
,,,5
,,,4
,,,6
,,,5
,,,6
,,,4
,,,4
,,,4
,,,7
,,,6
,,,4
,,,4
,,,5
,,,6
,,,5
,,,7
,,,6
,,,6
,,,7
,,,4
,,,4
,,,4
,,,6
,,,4
,,,5
,,,7
,,,9
,,,4
,,,8
,,,4
,,,4
,,,6
,,,4
,,,6
,,,6
,,,4
,,,6
,,,6
,,,4
,,,4
,,,5
,,,6
,,,5
,,,4
,,,7
,,,5
,,,9
,,,5
,,,5
,,,5
,,,7
,,,4
,,,12
,,,4
,,,4
,,,8
,,,4
,,,4
,,,8
,,,8
,,,5
,,,6
,,,4
,,,4
,,,4
,,,4
,,,8
,,,4
,,,14
,,,6
,,,6
,,,5
,,,6
,,,5
,,,8
,,,4
,,,4
,,,4
,,,6
,,,4
,,,4
,,,5
,,,6
,,,4
,,,4
,,,4
,,,4
,,,7
,,,6
,,,7
,,,6
,,,6
,,,6
,,,7
,,,4
,,,6
,,,6
,,,5
,,,4
,,,4
,,,7
,,,4
,,,12
,,,4
,,,5
,,,5
,,,8
,,,7
,,,5
,,,5
,,,4
,,,4
,,,4
,,,5
,,,4
,,,4
,,,5
,,,4
,,,4
,,,4
,,,4
,,,4
,,,6
,,,10
,,,8
,,,4
,,,4
,,,4
,,,4
,,,4
,,,6
,,,5
,,,4
,,,4
,,,6
,,,6
,,,4
,,,6
,,,6
,,,5
,,,4
,,,7
,,,7
,,,5
,,,4
,,,6
,,,7
,,,8
,,,6
,,,4
,,,5
,,,4
,,,8
,,,7
,,,8
,,,4
,,,4
,,,4
,,,4
,,,4
,,,5
,,,4
,,,6
,,,4
,,,4
,,,5
,,,5
,,,4
,,,6
,,,4
,,,4
,,,4
,,,6
,,,4
,,,6
,,,4
,,,5
,,,8
,,,4
,,,5
,,,6
,,,4
,,,4
,,,5
,,,5
,,,4
,,,6
,,,5
,,,4
,,,4
,,,6
,,,7
,,,7
,,,4
,,,4
,,,4
,,,4
,,,4
,,,8
,,,4
,,,4
,,,5
,,,4
,,,5
,,,6
,,,4
,,,6
,,,6
,,,4
,,,4
,,,4
,,,6
,,,7
,,,6
,,,4
,,,6
,,,4
,,,8
,,,4
,,,18
,,,13
,,,4
,,,4
,,,4
,,,9
,,,6
,,,4
,,,7
,,,5
,,,5
,,,7
,,,5
,,,5
,,,6
,,,6
,,,9
,,,4
,,,4
,,,4
,,,4
,,,7
,,,6
,,,5
,,,6
,,,4
,,,4
,,,9
,,,7
,,,11
,,,4
,,,5
,,,6
,,,4
,,,5
,,,5
,,,6
,,,5
,,,6
,,,4
,,,4
,,,6
,,,5
,,,4
,,,5
,,,4
,,,4
,,,5
,,,4
,,,8
,,,4
,,,4
,,,8
,,,6
,,,4
,,,4
,,,4
,,,6
,,,6
,,,6
,,,4
,,,4
,,,6
,,,5
,,,7
,,,5
,,,4
,,,4
,,,4
,,,5
,,,9
,,,6
,,,6
,,,5
,,,4
,,,4
,,,4
,,,6
,,,4
,,,4
,,,6
,,,6
,,,4
,,,5
,,,4
,,,4
,,,5
,,,4
,,,4
,,,6
,,,4
,,,8
,,,4
,,,8
,,,9
,,,4
,,,7
,,,5
,,,4
,,,5
,,,4
,,,6
,,,6
,,,5
,,,4
,,,4
,,,4
,,,4
,,,5
,,,5
,,,5
,,,4
,,,4
,,,4
,,,4
,,,4
,,,4
,,,7
,,,5
,,,4
,,,5
,,,8
,,,5
,,,4
,,,7
,,,4
,,,4
,,,5
,,,4
,,,4
,,,7
,,,4
,,,6
,,,4
,,,5
,,,6
,,,8
,,,7
,,,4
,,,4
,,,4
,,,5
,,,6
,,,4
,,,5
,,,7
,,,7
,,,4
,,,5
,,,5
,,,7
,,,7
,,,4
,,,6
,,,4
,,,4
,,,7
,,,4
,,,6
,,,4
,,,5
,,,4
,,,4
,,,5
,,,5
,,,5
,,,4
,,,7
,,,9
,,,5
,,,6
,,,4
,,,11
,,,5
,,,4
,,,4
,,,4
,,,4
,,,6
,,,4
,,,8
,,,4
,,,4
,,,4
,,,7
,,,7
,,,5
,,,6
,,,10
,,,5
,,,6
,,,6
,,,4
,,,4
,,,5
,,,4
,,,6
,,,6
,,,5
,,,4
,,,4
,,,6
,,,4
,,,4
,,,5
,,,12
,,,4
,,,4
,,,4
,,,5
,,,4
,,,5
,,,7
,,,9
,,,10
,,,5
,,,4
,,,4
,,,4
,,,8
,,,4
,,,5
,,,7
,,,4
,,,5
,,,4
,,,6
,,,4
,,,5
,,,4
,,,4
,,,4
,,,5
,,,7
,,,4
,,,5
,,,5
,,,7
,,,5
,,,5
,,,7
,,,5
,,,4
,,,4
,,,7
,,,5
,,,5
,,,4
,,,4
,,,6
,,,5
,,,4
,,,4
,,,4
,,,4
,,,5
,,,4
,,,5
,,,4
,,,7
,,,4
,,,4
,,,4
,,,4
,,,6
,,,4
,,,7
,,,4
,,,6
,,,4
,,,4
,,,4
,,,4
,,,4
,,,6
,,,4
,,,8
,,,4
,,,4
,,,4
,,,12
,,,4
,,,6
,,,4
,,,4
,,,4
,,,4
,,,6
,,,6
,,,5
,,,4
,,,5
,,,6
,,,4
,,,7
,,,8
,,,4
,,,7
,,,4
,,,4
,,,5
,,,11
,,,4
,,,5
,,,5
,,,4
,,,4
,,,4
,,,4
,,,5
,,,6
,,,4
,,,4
,,,4
,,,4
,,,4
,,,5
,,,4
,,,6
,,,9
,,,6
,,,4
,,,5
,,,7
,,,5
,,,5
,,,5
,,,8
,,,6
,,,5
,,,4
,,,4
,,,5
,,,6
,,,4
,,,6
,,,6
,,,8
,,,5
,,,6
,,,7
,,,6
,,,4
,,,6
,,,6
,,,4
,,,4
,,,5
,,,6
,,,7
,,,5
,,,7
,,,8
,,,5
,,,4
,,,4
,,,5
,,,4
,,,4
,,,4
,,,4
,,,4
,,,7
,,,4
,,,6
,,,8
,,,4
,,,4
,,,4
,,,9
,,,6
,,,7
,,,6
,,,4
,,,5
,,,4
,,,4
,,,5
,,,5
,,,7
,,,6
,,,6
,,,5
,,,10
,,,7
,,,5
,,,6
,,,4
,,,5
,,,4
,,,11
,,,4
,,,4
,,,7
,,,4
,,,7
,,,6
,,,5
,,,4
,,,5
,,,4
,,,4
,,,7
,,,6
,,,4
,,,4
,,,4
,,,6
,,,5
,,,5
,,,4
,,,4
,,,4
,,,5
,,,5
,,,4
,,,4
,,,4
,,,5
,,,7
,,,5
,,,4
,,,4
,,,8
,,,6
,,,4
,,,4
,,,6
,,,4
,,,7
,,,7
,,,4
,,,6
,,,5
,,,6
,,,6
,,,5
,,,4
,,,4
,,,6
,,,4
,,,4
,,,5
,,,5
,,,4
,,,7
,,,4
,,,4
,,,8
,,,7
,,,4
,,,4
,,,6
,,,6
,,,6
,,,8
,,,6
,,,4
,,,5
,,,7
,,,5
,,,7
,,,4
,,,5
,,,7
,,,6
,,,6
,,,6
,,,5
,,,4
,,,4
,,,9
,,,4
,,,5
,,,4
,,,4
,,,13
,,,4
,,,4
,,,5
,,,5
,,,4
,,,6
,,,4
,,,9
,,,7
,,,5
,,,4
,,,4
,,,6
,,,5
,,,4
,,,5
,,,8
,,,7
,,,5
,,,5
,,,6
,,,5
,,,4
,,,4
,,,5
,,,5
,,,4
,,,4
,,,6
,,,5
,,,4
,,,4
,,,4
,,,4
,,,5
,,,7
,,,6
,,,9
,,,4
,,,7
,,,14
,,,9
,,,4
,,,4
,,,7
,,,5
,,,4
,,,4
,,,4
,,,4
,,,4
,,,4
,,,6
,,,5
,,,4
,,,4
,,,5
,,,7
,,,5
,,,5
,,,4
,,,4
,,,6
,,,4
,,,4
,,,4
,,,4
,,,6
,,,7
,,,6
,,,4
,,,4
,,,5
,,,6
,,,6
,,,4
,,,4
,,,7
,,,6
,,,9
,,,5
,,,6
,,,5
,,,4
,,,4
,,,5
,,,7
,,,5
,,,4
,,,6
,,,4
,,,6
,,,5
,,,7
,,,4
,,,4
,,,5
,,,5
,,,4
,,,5
,,,4
,,,5
,,,4
,,,4
,,,4
,,,4
,,,5
,,,8
,,,4
,,,7
,,,4
,,,4
,,,6
,,,7
,,,4
,,,4
,,,4
,,,7
,,,5
,,,4
,,,5
,,,6
,,,6
,,,4
,,,6
,,,5
,,,7
,,,4
,,,8
,,,5
,,,9
,,,4
,,,4
,,,7
,,,10
,,,6
,,,5
,,,4
,,,6
,,,5
,,,4
,,,7
,,,6
,,,6
,,,7
,,,4
,,,4
,,,7
,,,4
,,,4
,,,4
,,,5
,,,4
,,,5
,,,4
,,,4
,,,5
,,,3
,,,4
,,,6
,,,6
,,,11
,,,8
,,,5
,,,9
,,,8
,,,6
,,,6
,,,4
,,,5
,,,8
,,,5
,,,5
,,,5
,,,5
,,,4
,,,4
,,,4
,,,9
,,,4
,,,4
,,,6
,,,6
,,,5
,,,7
,,,5
,,,7
,,,4
,,,4
,,,4
,,,4
,,,4
,,,4
,,,4
,,,5
,,,8
,,,6
,,,5
,,,4
,,,4
,,,6
,,,4
,,,4
,,,4
,,,7
,,,4
,,,5
,,,4
,,,4
,,,4
,,,5
,,,4
,,,4
,,,4
,,,4
,,,6
,,,6
,,,10
,,,5
,,,4
,,,4
,,,4
,,,6
,,,4
,,,7
,,,7
,,,4
,,,4
,,,8
,,,4
,,,10
,,,7
,,,7
,,,6
,,,5
,,,5
,,,8
,,,4
,,,4
,,,4
,,,4
,,,8
,,,4
,,,5
,,,5
,,,5
,,,4
,,,6
,,,4
,,,8
,,,8
,,,5
,,,4
,,,4
,,,4
,,,6
,,,6
,,,5
,,,8
,,,5
,,,5
,,,4
,,,5
,,,6
,,,5
,,,5
,,,5
,,,4
,,,6
,,,6
,,,4
,,,4
,,,7
,,,4
,,,7
,,,4
,,,7
,,,5
,,,4
,,,7
,,,6
,,,5
,,,6
,,,4
,,,5
,,,4
,,,7
,,,5
,,,6
,,,5
,,,6
,,,4
,,,5
,,,5
,,,8
,,,7
,,,4
,,,6
,,,5
,,,4
,,,8
,,,7
,,,5
,,,4
,,,16
,,,9
,,,6
,,,5
,,,8
,,,4
,,,5
,,,4
,,,6
,,,4
,,,4
,,,4
,,,5
,,,4
,,,4
,,,4
,,,4
,,,4
,,,5
,,,5
,,,4
,,,4
,,,5
,,,6
,,,9
,,,6
,,,4
,,,6
,,,6
,,,7
,,,4
,,,15
,,,4
,,,4
,,,6
,,,5
,,,4
,,,4
,,,5
,,,4
,,,6
,,,5
,,,4
,,,17
,,,4
,,,4
,,,4
,,,4
,,,4
,,,7
,,,4
,,,5
,,,6
,,,5
,,,4
,,,7
,,,4
,,,5
,,,6
,,,8
,,,4
,,,4
,,,4
,,,4
,,,5
,,,4
,,,5
,,,4
,,,7
,,,8
,,,4
,,,4
,,,7
,,,4
,,,4
,,,4
,,,6
,,,6
,,,6
,,,5
,,,4
,,,4
,,,4
,,,8
,,,7
,,,7
,,,4
,,,6
,,,9
,,,6
,,,6
,,,5
,,,6
,,,8
,,,4
,,,4
,,,8
,,,4
,,,4
,,,4
,,,5
,,,4
,,,6
,,,6
,,,4
,,,6
,,,5
,,,5
,,,7
,,,5
,,,4
,,,4
,,,4
,,,7
,,,4
,,,4
,,,5
,,,5
,,,6
,,,5
,,,4
,,,8
,,,5
,,,4
,,,5
,,,5
,,,4
,,,4
,,,6
,,,4
,,,4
,,,5
,,,4
,,,4
,,,5
,,,17
,,,5
,,,4
,,,4
,,,5
,,,6
,,,7
,,,10
,,,5
,,,5
,,,5
,,,5
,,,7
,,,8
,,,14
,,,4
,,,4
,,,4
,,,4
,,,8
,,,4
,,,9
,,,5
,,,7
,,,7
,,,4
,,,7
,,,6
,,,4
,,,4
,,,8
,,,4
,,,8
,,,9
,,,5
,,,4
,,,6
,,,4
,,,8
,,,4
,,,7
,,,6
,,,11
,,,4
,,,6
,,,6
,,,7
,,,5
,,,8
,,,4
,,,4
,,,4
,,,4
,,,4
,,,7
,,,4
,,,4
,,,4
,,,4
,,,7
,,,7
,,,6
,,,5
,,,5
,,,4
,,,6
,,,5
,,,6
,,,8
,,,4
,,,8
,,,7
,,,4
,,,6
,,,6
,,,4
,,,5
,,,4
,,,4
,,,4
,,,4
,,,5
,,,4
,,,5
,,,5
,,,8
,,,5
,,,4
,,,4
,,,6
,,,4
,,,5
,,,5
,,,4
,,,5
,,,6
,,,4
,,,4
,,,4
,,,6
,,,13
,,,6
,,,7
,,,4
,,,4
,,,4
,,,6
,,,4
,,,8
,,,5
,,,4
,,,7
,,,4
,,,4
,,,4
,,,4
,,,4
,,,4
,,,6
,,,6
,,,7
,,,4
,,,7
,,,5
,,,4
,,,4
,,,4
,,,4
,,,6
,,,6
,,,5
,,,4
,,,6
,,,5
,,,4
,,,4
,,,5
,,,6
,,,6
,,,4
,,,5
,,,4
,,,8
,,,4
,,,4
,,,6
,,,5
,,,8
,,,5
,,,6
,,,4
,,,4
,,,5
,,,4
,,,5
,,,4
,,,6
,,,11
,,,5
,,,4
,,,4
,,,6
,,,8
,,,6
,,,5
,,,5
,,,4
,,,4
,,,5
,,,4
,,,5
,,,4
,,,8
,,,4
,,,6
,,,5
,,,4
,,,4
,,,4
,,,5
,,,6
,,,4
,,,5
,,,4
,,,7
,,,15
,,,4
,,,6
,,,6
,,,4
,,,6
,,,6
,,,7
,,,5
,,,4
,,,4
,,,7
,,,4
,,,15
,,,4
,,,4
,,,5
,,,5
,,,5
,,,5
,,,5
,,,6
,,,6
,,,7
,,,4
,,,4
,,,5
,,,5
,,,5
,,,5
,,,6
,,,4
,,,5
,,,6
,,,8
,,,4
,,,4
,,,6
,,,5
,,,8
,,,6
,,,6
,,,5
,,,4
,,,4
,,,4
,,,7
,,,6
,,,24
,,,4
,,,4
,,,4
,,,6
,,,4
,,,11
,,,5
,,,7
,,,4
,,,4
,,,37
,,,4
,,,11
,,,6
,,,4
,,,5
,,,4
,,,4
,,,4
,,,6
,,,5
,,,4
,,,4
,,,5
,,,5
,,,6
,,,4
,,,12
,,,7
,,,4
,,,6
,,,6
,,,4
,,,4
,,,4
,,,4
,,,4
,,,4
,,,6
,,,5
,,,4
,,,5
,,,4
,,,4
,,,6
,,,6
,,,7
,,,6
,,,5
,,,4
,,,5
,,,6
,,,4
,,,4
,,,4
,,,5
,,,4
,,,6
,,,5
,,,4
,,,6
,,,4
,,,6
,,,6
,,,7
,,,4
,,,16
,,,5
,,,4
,,,13
,,,6
,,,8
,,,6
,,,6
,,,6
,,,4
,,,4
,,,4
,,,11
,,,4
,,,8
,,,4
,,,4
,,,5
,,,4
,,,6
,,,4
,,,4
,,,7
,,,4
,,,7
,,,5
,,,7
,,,6
,,,5
,,,4
,,,8
,,,4
,,,4
,,,5
,,,5
,,,4
,,,7
,,,5
,,,5
,,,4
,,,4
,,,7
,,,4
,,,4
,,,6
,,,6
,,,7
,,,4
,,,4
,,,6
,,,4
,,,8
,,,5
,,,4
,,,6
,,,5
,,,5
,,,5
,,,5
,,,7
,,,6
,,,4
,,,4
,,,6
,,,4
,,,4
,,,7
,,,4
,,,4
,,,5
,,,5
,,,4
,,,4
,,,5
,,,4
,,,4
,,,6
,,,8
,,,4
,,,6
,,,7
,,,9
,,,7
,,,5
,,,7
,,,4
,,,4
,,,4
,,,5
,,,4
,,,4
,,,4
,,,4
,,,5
,,,4
,,,4
,,,6
,,,5
,,,8
,,,10
,,,5
,,,7
,,,4
,,,4
,,,5
,,,4
,,,5
,,,7
,,,5
,,,5
,,,4
,,,4
,,,8
,,,4
,,,4
,,,6
,,,4
,,,5
,,,4
,,,4
,,,6
,,,6
,,,4
,,,4
,,,6
,,,4
,,,5
,,,4
,,,5
,,,4
,,,6
,,,11
,,,7
,,,6
,,,4
,,,4
,,,4
,,,4
,,,4
,,,4
,,,4
,,,7
,,,5
,,,7
,,,4
,,,4
,,,5
,,,4
,,,9
,,,8
,,,6
,,,4
,,,4
,,,4
,,,4
,,,5
,,,6
,,,5
,,,7
,,,8
,,,4
,,,4
,,,4
,,,4
,,,4
,,,4
,,,4
,,,6
,,,4
,,,5
,,,4
,,,5
,,,6
,,,4
,,,6
,,,9
,,,4
,,,4
,,,4
,,,4
,,,4
,,,7
,,,6
,,,4
,,,4
,,,9
,,,8
,,,4
,,,4
,,,7
,,,4
,,,4
,,,4
,,,4
,,,4
,,,6
,,,4
,,,4
,,,5
,,,4
,,,4
,,,5
,,,4
,,,6
,,,4
,,,5
,,,7
,,,4
,,,4
,,,5
,,,4
,,,4
,,,7
,,,4
,,,7
,,,5
,,,6
,,,4
,,,4
,,,4
,,,4
,,,5
,,,4
,,,6
,,,4
,,,4
,,,6
,,,5
,,,6
,,,7
,,,4
,,,5
,,,4
,,,4
,,,5
,,,9
,,,5
,,,11
,,,4
,,,4
,,,4
,,,7
,,,7
,,,7
,,,5
,,,4
,,,4
,,,4
,,,5
,,,6
,,,4
,,,5
,,,4
,,,4
,,,6
,,,5
,,,5
,,,5
,,,4
,,,5
,,,5
,,,11
,,,4
,,,6
,,,4
,,,4
,,,7
,,,6
,,,4
,,,6
,,,7
,,,5
,,,5
,,,4
,,,4
,,,4
,,,4
,,,4
,,,4
,,,7
,,,4
,,,6
,,,4
,,,6
,,,8
,,,5
,,,4
,,,6
,,,6
,,,4
,,,6
,,,7
,,,6
,,,4
,,,9
,,,4
,,,7
,,,4
,,,4
,,,7
,,,6
,,,4
,,,4
,,,4
,,,7
,,,6
,,,5
,,,6
,,,5
,,,6
,,,4
,,,5
,,,4
,,,4
,,,6
,,,6
,,,4
,,,4
,,,7
,,,4
,,,6
,,,5
,,,4
,,,9
,,,4
,,,5
,,,6
,,,7
,,,6
,,,8
,,,4
,,,4
,,,4
,,,9
,,,12
,,,4
,,,8
,,,4
,,,6
,,,4
,,,6
,,,5
,,,5
,,,5
,,,4
,,,4
,,,4
,,,7
,,,7
,,,7
,,,5
,,,4
,,,4
,,,4
,,,4
,,,6
,,,7
,,,5
,,,4
,,,4
,,,4
,,,4
,,,4
,,,4
,,,8
,,,4
,,,5
,,,5
,,,7
,,,6
,,,4
,,,4
,,,5
,,,4
,,,8
,,,5
,,,7
,,,5
,,,5
,,,5
,,,6
,,,4
,,,4
,,,4
,,,8
,,,8
,,,4
,,,4
,,,4
,,,7
,,,6
,,,5
,,,7
,,,4
,,,9
,,,5
,,,4
,,,4
,,,5
,,,7
,,,8
,,,4
,,,6
,,,9
,,,4
,,,6
,,,4
,,,5
,,,4
,,,5
,,,8
,,,4
,,,8
,,,4
,,,4
,,,4
,,,7
,,,4
,,,6
,,,18
,,,4
,,,4
,,,7
,,,6
,,,4
,,,4
,,,6
,,,4
,,,6
,,,4
,,,5
,,,4
,,,4
,,,4
,,,4
,,,6
,,,6
,,,6
,,,4
,,,4
,,,5
,,,5
,,,7
,,,5
,,,7
,,,6
,,,5
,,,4
,,,5
,,,6
,,,5
,,,5
,,,4
,,,4
,,,7
,,,4
,,,7
,,,5
,,,4
,,,4
,,,4
,,,4
,,,8
,,,5
,,,4
,,,7
,,,5
,,,4
,,,4
,,,7
,,,7
,,,5
,,,4
,,,6
,,,4
,,,4
,,,7
,,,4
,,,6
,,,8
,,,15
,,,4
,,,4
,,,4
,,,6
,,,5
,,,4
,,,4
,,,4
,,,4
,,,12
,,,4
,,,4
,,,7
,,,4
,,,6
,,,9
,,,4
,,,4
,,,4
,,,6
,,,4
,,,4
,,,6
,,,5
,,,4
,,,8
,,,4
,,,5
,,,6
,,,7
,,,5
,,,4
,,,6
,,,5
,,,5
,,,4
,,,4
,,,4
,,,10
,,,4
,,,4
,,,6
,,,4
,,,4
,,,4
,,,4
,,,4
,,,4
,,,6
,,,5
,,,4
,,,4
,,,6
,,,4
,,,7
,,,4
,,,4
,,,4
,,,5
,,,4
,,,4
,,,5
,,,5
,,,4
,,,4
,,,5
,,,4
,,,6
,,,7
,,,5
,,,4
,,,5
,,,5
,,,4
,,,4
,,,4
,,,6
,,,7
,,,7
,,,4
,,,4
,,,4
,,,5
,,,4
,,,4
,,,4
,,,4
,,,4
,,,5
,,,8
,,,5
,,,4
,,,6
,,,4
,,,5
,,,4
,,,6
,,,7
,,,6
,,,7
,,,4
,,,4
,,,6
,,,4
,,,4
,,,4
,,,4
,,,6
,,,5
,,,4
,,,5
,,,7
,,,4
,,,4
,,,4
,,,3
,,,4
,,,5
,,,4
,,,4
,,,7
,,,7
,,,4
,,,4
,,,7
,,,4
,,,5
,,,6
,,,4
,,,4
,,,4
,,,4
,,,4
,,,5
,,,7
,,,4
,,,4
,,,4
,,,6
,,,8
,,,4
,,,4
,,,4
,,,4
,,,8
,,,5
,,,7
,,,5
,,,6
,,,4
,,,5
,,,8
,,,6
,,,6
,,,5
,,,4
,,,11
,,,4
,,,4
,,,4
,,,7
,,,6
,,,5
,,,8
,,,4
,,,7
,,,6
,,,4
,,,4
,,,8
,,,4
,,,4
,,,6
,,,4
,,,9
,,,4
,,,9
,,,4
,,,6
,,,4
,,,4
,,,5
,,,4
,,,4
,,,4
,,,4
,,,5
,,,7
,,,4
,,,6
,,,4
,,,4
,,,6
,,,6
,,,6
,,,6
,,,8
,,,9
,,,5
,,,7
,,,4
,,,5
,,,5
,,,4
,,,6
,,,6
,,,5
,,,6
,,,7
,,,4
,,,4
,,,7
,,,5
,,,9
,,,5
,,,7
,,,5
,,,6
,,,4
,,,5
,,,5
,,,5
,,,5
,,,4
,,,6
,,,6
,,,4
,,,4
,,,5
,,,4
,,,4
,,,5
,,,5
,,,8
,,,5
,,,4
,,,6
,,,4
,,,8
,,,4
,,,7
,,,8
,,,4
,,,6
,,,4
,,,15
,,,6
,,,6
,,,4
,,,6
,,,6
,,,6
,,,11
,,,4
,,,6
,,,5
,,,5
,,,6
,,,4
,,,6
,,,7
,,,8
,,,4
,,,8
,,,4
,,,4
,,,4
,,,5
,,,4
,,,44
,,,4
,,,7
,,,8
,,,6
,,,6
,,,4
,,,4
,,,6
,,,4
,,,4
,,,4
,,,7
,,,4
,,,5
,,,5
,,,6
,,,5
,,,7
,,,4
,,,4
,,,4
,,,6
,,,7
,,,7
,,,5
,,,4
,,,5
,,,6
,,,4
,,,4
,,,4
,,,5
,,,4
,,,6
,,,11
,,,6
,,,5
,,,6
,,,4
,,,7
,,,5
,,,4
,,,6
,,,8
,,,5
,,,6
,,,4
,,,6
,,,5
,,,4
,,,8
,,,4
,,,4
,,,4
,,,5
,,,5
,,,4
,,,4
,,,4
,,,4
,,,7
,,,4
,,,4
,,,4
,,,4
,,,5
,,,5
,,,6
,,,5
,,,7
,,,5
,,,4
,,,6
,,,12
,,,6
,,,6
,,,4
,,,7
,,,4
,,,4
,,,4
,,,7
,,,4
,,,4
,,,4
,,,4
,,,5
,,,5
,,,6
,,,9
,,,4
,,,5
,,,5
,,,4
,,,4
,,,6
,,,5
,,,6
,,,4
,,,4
,,,5
,,,5
,,,4
,,,6
,,,5
,,,4
,,,5
,,,5
,,,6
,,,4
,,,7
,,,8
,,,6
,,,4
,,,7
,,,6
,,,4
,,,4
,,,4
,,,4
,,,5
,,,4
,,,4
,,,7
,,,7
,,,7
,,,4
,,,6
,,,5
,,,7
,,,5
,,,6
,,,6
,,,11
,,,4
,,,7
,,,4
,,,8
,,,4
,,,9
,,,5
,,,7
,,,4
,,,4
,,,5
,,,6
,,,4
,,,7
,,,4
,,,4
,,,11
,,,6
,,,4
,,,5
,,,4
,,,7
,,,5
,,,6
,,,8
,,,4
,,,4
,,,7
,,,4
,,,4
,,,8
,,,6
,,,4
,,,4
,,,4
,,,6
,,,5
,,,6
,,,4
,,,4
,,,4
,,,4
,,,4
,,,10
,,,7
,,,4
,,,5
,,,5
,,,4
,,,5
,,,8
,,,7
,,,6
,,,6
,,,4
,,,5
,,,4
,,,8
,,,4
,,,7
,,,7
,,,4
,,,5
,,,4
,,,8
,,,5
,,,6
,,,6
,,,6
,,,4
,,,4
,,,6
,,,4
,,,5
,,,4
,,,4
,,,4
,,,7
,,,5
,,,4
,,,5
,,,4
,,,4
,,,8
,,,5
,,,7
,,,9
,,,4
,,,6
,,,4
,,,7
,,,4
,,,6
,,,6
,,,6
,,,4
,,,5
,,,4
,,,4
,,,6
,,,8
,,,5
,,,4
,,,5
,,,4
,,,5
,,,5
,,,6
,,,4
,,,6
,,,6
,,,4
,,,5
,,,4
,,,7
,,,4
,,,4
,,,5
,,,7
,,,4
,,,4
,,,8
,,,5
,,,7
,,,4
,,,5
,,,6
,,,4
,,,5
,,,7
,,,4
,,,4
,,,6
,,,4
,,,4
,,,4
,,,6
,,,4
,,,6
,,,4
,,,5
,,,8
,,,7
,,,7
,,,7
,,,5
,,,7
,,,4
,,,6
,,,5
,,,6
,,,4
,,,4
,,,6
,,,5
,,,5
,,,6
,,,5
,,,6
,,,4
,,,20
,,,4
,,,4
,,,4
,,,4
,,,4
,,,5
,,,6
,,,7
,,,5
,,,4
,,,4
,,,4
,,,5
,,,4
,,,5
,,,4
,,,6
,,,8
,,,4
,,,4
,,,4
,,,4
,,,5
,,,4
,,,5
,,,7
,,,8
,,,7
,,,6
,,,7
,,,4
,,,4
,,,7
,,,4
,,,6
,,,5
,,,8
,,,4
,,,4
,,,4
,,,8
,,,4
,,,4
,,,6
,,,4
,,,4
,,,4
,,,12
,,,8
,,,4
,,,5
,,,4
,,,4
,,,4
,,,7
,,,4
,,,6
,,,4
,,,8
,,,4
,,,4
,,,7
,,,4
,,,6
,,,4
,,,5
,,,5
,,,5
,,,6
,,,4
,,,4
,,,4
,,,5
,,,4
,,,6
,,,16
,,,7
,,,6
,,,8
,,,7
,,,7
,,,7
,,,4
,,,5
,,,4
,,,4
,,,4
,,,5
,,,4
,,,4
,,,4
,,,4
,,,4
,,,4
,,,5
,,,4
,,,4
,,,5
,,,4
,,,4
,,,5
,,,7
,,,4
,,,6
,,,5
,,,5
,,,5
,,,4
,,,4
,,,6
,,,6
,,,9
,,,6
,,,5
,,,4
,,,4
,,,4
,,,4
,,,5
,,,5
,,,7
,,,7
,,,4
,,,4
,,,4
,,,7
,,,7
,,,4
,,,7
,,,6
,,,6
,,,4
,,,5
,,,4
,,,4
,,,5
,,,20
,,,6
,,,6
,,,4
,,,8
,,,6
,,,6
,,,5
,,,4
,,,4
,,,9
,,,7
,,,4
,,,7
,,,7
,,,4
,,,6
,,,6
,,,4
,,,4
,,,4
,,,6
,,,4
,,,4
,,,4
,,,6
,,,5
,,,4
,,,8
,,,6
,,,5
,,,7
,,,4
,,,5
,,,4
,,,5
,,,4
,,,4
,,,4
,,,7
,,,6
,,,4
,,,7
,,,6
,,,4
,,,5
,,,4
,,,7
,,,4
,,,5
,,,6
,,,4
,,,9
,,,12
,,,4
,,,4
,,,5
,,,7
,,,7
,,,6
,,,7
,,,6
,,,11
,,,4
,,,7
,,,10
,,,4
,,,5
,,,4
,,,5
,,,4
,,,8
,,,5
,,,4
,,,4
,,,5
,,,4
,,,4
,,,4
,,,6
,,,7
,,,4
,,,4
,,,6
,,,4
,,,5
,,,4
,,,6
,,,4
,,,6
,,,5
,,,7
,,,4
,,,6
,,,4
,,,5
,,,4
,,,4
,,,5
,,,6
,,,6
,,,4
,,,7
,,,5
,,,4
,,,5
,,,5
,,,4
,,,4
,,,5
,,,6
,,,6
,,,4
,,,4
,,,5
,,,4
,,,4
,,,4
,,,10
,,,5
,,,7
,,,7
,,,4
,,,5
,,,5
,,,5
,,,5
,,,7
,,,5
,,,4
,,,5
,,,6
,,,4
,,,6
,,,4
,,,5
,,,4
,,,7
,,,12
,,,4
,,,4
,,,6
,,,8
,,,6
,,,4
,,,4
,,,6
,,,4
,,,5
,,,4
,,,13
,,,5
,,,4
,,,4
,,,4
,,,4
,,,4
,,,6
,,,6
,,,6
,,,4
,,,4
,,,4
,,,6
,,,5
,,,4
,,,5
,,,6
,,,6
,,,5
,,,5
,,,4
,,,8
,,,7
,,,4
,,,7
,,,4
,,,4
,,,4
,,,6
,,,7
,,,8
,,,5
,,,5
,,,4
,,,4
,,,5
,,,4
,,,5
,,,6
,,,6
,,,4
,,,4
,,,6
,,,4
,,,5
,,,6
,,,4
,,,5
,,,4
,,,7
,,,5
,,,4
,,,4
,,,4
,,,4
,,,16
,,,7
,,,4
,,,4
,,,5
,,,6
,,,4
,,,6
,,,4
,,,4
,,,4
,,,8
,,,7
,,,4
,,,5
,,,4
,,,4
,,,6
,,,4
,,,5
,,,6
,,,4
,,,4
,,,5
,,,6
,,,7
,,,5
,,,5
,,,16
,,,4
,,,8
,,,5
,,,4
,,,6
,,,7
,,,5
,,,4
,,,4
,,,4
,,,4
,,,4
,,,5
,,,4
,,,8
,,,4
,,,4
,,,6
,,,4
,,,4
,,,4
,,,4
,,,6
,,,4
,,,4
,,,5
,,,4
,,,4
,,,6
,,,4
,,,6
,,,5
,,,7
,,,6
,,,4
,,,8
,,,7
,,,4
,,,6
,,,4
,,,4
,,,6
,,,6
,,,4
,,,5
,,,5
,,,4
,,,4
,,,4
,,,4
,,,8
,,,5
,,,4
,,,4
,,,4
,,,4
,,,4
,,,4
,,,6
,,,7
,,,4
,,,4
,,,4
,,,4
,,,4
,,,8
,,,4
,,,4
,,,7
,,,4
,,,4
,,,4
,,,8
,,,5
,,,5
,,,6
,,,5
,,,4
,,,6
,,,4
,,,5
,,,6
,,,4
,,,4
,,,5
,,,5
,,,6
,,,7
,,,6
,,,6
,,,5
,,,5
,,,5
,,,4
,,,6
,,,5
,,,8
,,,8
,,,5
,,,9
,,,5
,,,7
,,,7
,,,4
,,,6
,,,5
,,,7
,,,5
,,,4
,,,4
,,,5
,,,4
,,,4
,,,4
,,,7
,,,8
,,,4
,,,4
,,,8
,,,7
,,,4
,,,4
,,,8
,,,7
,,,4
,,,4
,,,4
,,,4
,,,4
,,,7
,,,7
,,,8
,,,4
,,,4
,,,4
,,,5
,,,4
,,,4
,,,4
,,,4
,,,4
,,,4
,,,4
,,,5
,,,6
,,,9
,,,4
,,,5
,,,6
,,,13
,,,4
,,,4
,,,6
,,,5
,,,4
,,,4
,,,4
,,,6
,,,7
,,,4
,,,4
,,,6
,,,4
,,,4
,,,7
,,,6
,,,6
,,,6
,,,5
,,,7
,,,4
,,,4
,,,10
,,,6
,,,5
,,,8
,,,5
,,,4
,,,4
,,,4
,,,5
,,,5
,,,5
,,,5
,,,16
,,,4
,,,9
,,,9
,,,5
,,,4
,,,5
,,,4
,,,7
,,,7
,,,6
,,,4
,,,6
,,,4
,,,6
,,,5
,,,7
,,,4
,,,4
,,,5
,,,4
,,,5
,,,9
,,,5
,,,7
,,,6
,,,5
,,,4
,,,4
,,,4
,,,7
,,,4
,,,4
,,,7
,,,6
,,,8
,,,4
,,,5
,,,4
,,,5
,,,6
,,,6
,,,4
,,,4
,,,9
,,,6
,,,6
,,,4
,,,4
,,,4
,,,5
,,,8
,,,7
,,,4
,,,4
,,,4
,,,6
,,,6
,,,6
,,,4
,,,6
,,,4
,,,3
,,,6
,,,5
,,,4
,,,6
,,,4
,,,5
,,,5
,,,6
,,,11
,,,4
,,,4
,,,4
,,,8
,,,5
,,,4
,,,8
,,,4
,,,4
,,,7
,,,4
,,,6
,,,4
,,,7
,,,5
,,,4
,,,4
,,,4
,,,10
,,,25
,,,5
,,,4
,,,4
,,,4
,,,4
,,,6
,,,4
,,,4
,,,4
,,,15
,,,7
,,,5
,,,5
,,,6
,,,5
,,,6
,,,4
,,,4
,,,8
,,,4
,,,5
,,,5
,,,4
,,,6
,,,4
,,,7
,,,4
,,,4
,,,8
,,,7
,,,11
,,,5
,,,6
,,,6
,,,4
,,,4
,,,5
,,,5
,,,4
,,,8
,,,13
,,,4
,,,4
,,,5
,,,4
,,,4
,,,5
,,,4
,,,4
,,,5
,,,6
,,,5
,,,4
,,,4
,,,7
,,,4
,,,4
,,,6
,,,6
,,,6
,,,4
,,,5
,,,6
,,,4
,,,5
,,,6
,,,11
,,,6
,,,5
,,,5
,,,4
,,,4
,,,4
,,,5
,,,6
,,,4
,,,4
,,,10
,,,4
,,,4
,,,7
,,,4
,,,4
,,,6
,,,4
,,,8
,,,5
,,,4
,,,5
,,,4
,,,5
,,,5
,,,7
,,,6
,,,8
,,,36
,,,7
,,,7
,,,5
,,,5
,,,6
,,,8
,,,5
,,,4
,,,4
,,,4
,,,5
,,,7
,,,4
,,,6
,,,4
,,,4
,,,6
,,,8
,,,5
,,,7
,,,7
,,,7
,,,7
,,,8
,,,4
,,,5
,,,4
,,,5
,,,6
,,,4
,,,6
,,,7
,,,4
,,,9
,,,4
,,,4
,,,6
,,,8
,,,4
,,,8
,,,4
,,,7
,,,4
,,,4
,,,4
,,,8
,,,8
,,,4
,,,4
,,,5
,,,4
,,,9
,,,4
,,,6
,,,4
,,,6
,,,4
,,,4
,,,5
,,,4
,,,5
,,,6
,,,4
,,,6
,,,7
,,,5
,,,4
,,,4
,,,6
,,,4
,,,4
,,,9
,,,6
,,,8
,,,8
,,,5
,,,5
,,,4
,,,4
,,,4
,,,6
,,,4
,,,6
,,,4
,,,4
,,,6
,,,4
,,,6
,,,7
,,,5
,,,6
,,,6
,,,7
,,,4
,,,9
,,,6
,,,5
,,,5
,,,4
,,,4
,,,4
,,,6
,,,4
,,,4
,,,5
,,,6
,,,4
,,,14
,,,7
,,,4
,,,9
,,,8
,,,6
,,,11
,,,8
,,,4
,,,4
,,,5
,,,8
,,,6
,,,4
,,,7
,,,5
,,,8
,,,4
,,,4
,,,7
,,,4
,,,4
,,,4
,,,4
,,,4
,,,11
,,,4
,,,4
,,,4
,,,9
,,,9
,,,4
,,,5
,,,7
,,,7
,,,6
,,,5
,,,4
,,,4
,,,4
,,,9
,,,7
,,,7
,,,4
,,,5
,,,5
,,,4
,,,4
,,,4
,,,6
,,,6
,,,6
,,,4
,,,4
,,,4
,,,6
,,,6
,,,4
,,,4
,,,5
,,,5
,,,4
,,,7
,,,7
,,,6
,,,7
,,,6
,,,8
,,,6
,,,4
,,,4
,,,6
,,,6
,,,6
,,,6
,,,6
,,,4
,,,7
,,,4
,,,4
,,,8
,,,5
,,,5
,,,9
,,,6
,,,6
,,,6
,,,4
,,,7
,,,4
,,,5
,,,9
,,,4
,,,5
,,,6
,,,6
,,,4
,,,6
,,,7
,,,5
,,,4
,,,4
,,,7
,,,5
,,,6
,,,6
,,,5
,,,4
,,,7
,,,4
,,,6
,,,6
,,,4
,,,8
,,,8
,,,12
,,,4
,,,4
,,,5
,,,4
,,,6
,,,4
,,,4
,,,4
,,,6
,,,4
,,,4
,,,6
,,,4
,,,4
,,,6
,,,5
,,,4
,,,4
,,,4
,,,4
,,,5
,,,6
,,,5
,,,5
,,,7
,,,4
,,,4
,,,6
,,,4
,,,7
,,,6
,,,5
,,,5
,,,4
,,,5
,,,15
,,,6
,,,12
,,,6
,,,5
,,,5
,,,5
,,,5
,,,4
,,,7
,,,7
,,,4
,,,5
,,,5
,,,7
,,,7
,,,4
,,,6
,,,6
,,,6
,,,4
,,,6
,,,6
,,,13
,,,4
,,,5
,,,7
,,,6
,,,4
,,,5
,,,5
,,,4
,,,8
,,,17
,,,5
,,,6
,,,7
,,,8
,,,7
,,,4
,,,4
,,,9
,,,4
,,,7
,,,4
,,,5
,,,4
,,,5
,,,7
,,,6
,,,4
,,,6
,,,4
,,,4
,,,5
,,,4
,,,5
,,,6
,,,5
,,,9
,,,4
,,,5
,,,4
,,,4
,,,5
,,,7
,,,5
,,,4
,,,4
,,,5
,,,4
,,,4
,,,4
,,,4
,,,5
,,,5
,,,4
,,,4
,,,4
,,,6
,,,4
,,,4
,,,4
,,,4
,,,4
,,,5
,,,5
,,,4
,,,4
,,,6
,,,4
,,,4
,,,6
,,,5
,,,4
,,,6
,,,4
,,,4
,,,4
,,,4
,,,4
,,,6
,,,5
,,,8
,,,6
,,,4
,,,4
,,,5
,,,6
,,,6
,,,7
,,,5
,,,4
,,,5
,,,4
,,,5
,,,6
,,,4
,,,6
,,,5
,,,5
,,,6
,,,7
,,,10
,,,5
,,,8
,,,5
,,,5
,,,5
,,,8
,,,5
,,,4
,,,6
,,,6
,,,4
,,,6
,,,4
,,,4
,,,5
,,,4
,,,5
,,,8
,,,4
,,,5
,,,4
,,,6
,,,4
,,,4
,,,4
,,,5
,,,6
,,,9
,,,4
,,,5
,,,4
,,,4
,,,4
,,,7
,,,5
,,,4
,,,4
,,,5
,,,6
,,,5
,,,4
,,,4
,,,8
,,,7
,,,10
,,,4
,,,8
,,,4
,,,7
,,,4
,,,4
,,,6
,,,6
,,,4
,,,4
,,,5
,,,5
,,,7
,,,4
,,,4
,,,4
,,,7
,,,4
,,,5
,,,4
,,,4
,,,4
,,,5
,,,7
,,,4
,,,7
,,,6
,,,4
,,,4
,,,4
,,,5
,,,6
,,,6
,,,4
,,,4
,,,5
,,,4
,,,4
,,,7
,,,5
,,,4
,,,4
,,,4
,,,4
,,,4
,,,4
,,,5
,,,6
,,,7
,,,4
,,,4
,,,5
,,,4
,,,4
,,,5
,,,5
,,,4
,,,5
,,,5
,,,5
,,,4
,,,4
,,,4
,,,4
,,,4
,,,4
,,,4
,,,4
,,,7
,,,4
,,,7
,,,4
,,,5
,,,5
,,,4
,,,6
,,,4
,,,5
,,,5
,,,5
,,,6
,,,6
,,,4
,,,5
,,,4
,,,4
,,,4
,,,6
,,,5
,,,5
,,,4
,,,7
,,,7
,,,7
,,,6
,,,5
,,,4
,,,5
,,,4
,,,7
,,,4
,,,6
,,,7
,,,6
,,,5
,,,4
,,,4
,,,4
,,,5
,,,5
,,,7
,,,4
,,,5
,,,4
,,,6
,,,4
,,,7
,,,5
,,,4
,,,6
,,,6
,,,5
,,,7
,,,6
,,,6
,,,15
,,,7
,,,4
,,,5
,,,4
,,,4
,,,4
,,,4
,,,4
,,,7
,,,4
,,,4
,,,4
,,,4
,,,6
,,,5
,,,4
,,,5
,,,7
,,,4
,,,4
,,,18
,,,4
,,,6
,,,5
,,,5
,,,5
,,,5
,,,4
,,,5
,,,4
,,,4
,,,4
,,,4
,,,4
,,,6
,,,5
,,,7
,,,5
,,,4
,,,5
,,,5
,,,4
,,,4
,,,5
,,,6
,,,5
,,,5
,,,5
,,,6
,,,5
,,,4
,,,5
,,,4
,,,13
,,,4
,,,4
,,,4
,,,5
,,,5
,,,4
,,,6
,,,7
,,,6
,,,5
,,,4
,,,7
,,,7
,,,5
,,,5
,,,12
,,,4
,,,6
,,,6
,,,7
,,,7
,,,6
,,,8
,,,7
,,,4
,,,4
,,,4
,,,6
,,,4
,,,4
,,,4
,,,9
,,,6
,,,4
,,,5
,,,6
,,,5
,,,4
,,,6
,,,6
,,,4
,,,4
,,,4
,,,4
,,,6
,,,5
,,,7
,,,5
,,,4
,,,5
,,,4
,,,5
,,,6
,,,4
,,,4
,,,5
,,,4
,,,8
,,,4
,,,6
,,,25
,,,5
,,,6
,,,4
,,,8
,,,4
,,,4
,,,4
,,,7
,,,6
,,,6
,,,7
,,,7
,,,5
,,,5
,,,6
,,,4
,,,4
,,,6
,,,4
,,,7
,,,18
,,,4
,,,4
,,,5
,,,5
,,,5
,,,7
,,,7
,,,7
,,,4
,,,6
,,,6
,,,4
,,,5
,,,7
,,,4
,,,4
,,,5
,,,7
,,,4
,,,4
,,,4
,,,4
,,,4
,,,4
,,,11
,,,6
,,,6
,,,6
,,,4
,,,4
,,,5
,,,7
,,,4
,,,7
,,,5
,,,6
,,,7
,,,4
,,,4
,,,6
,,,4
,,,4
,,,4
,,,4
,,,7
,,,6
,,,4
,,,4
,,,5
,,,8
,,,6
,,,10
,,,6
,,,6
,,,4
,,,5
,,,5
,,,4
,,,11
,,,4
,,,4
,,,5
,,,4
,,,4
,,,4
,,,7
,,,4
,,,4
,,,4
,,,4
,,,5
,,,5
,,,9
,,,5
,,,5
,,,4
,,,4
,,,5
,,,6
,,,4
,,,4
,,,4
,,,7
,,,4
,,,5
,,,4
,,,4
,,,4
,,,8
,,,6
,,,7
,,,6
,,,4
,,,5
,,,4
,,,5
,,,9
,,,7
,,,6
,,,4
,,,15
,,,4
,,,6
,,,4
,,,5
,,,4
,,,4
,,,5
,,,8
,,,6
,,,7
,,,4
,,,4
,,,4
,,,5
,,,4
,,,5
,,,4
,,,4
,,,5
,,,4
,,,6
,,,5
,,,5
,,,6
,,,5
,,,6
,,,4
,,,8
,,,4
,,,4
,,,5
,,,5
,,,6
,,,7
,,,8
,,,4
,,,6
,,,4
,,,4
,,,4
,,,4
,,,4
,,,5
,,,5
,,,4
,,,5
,,,5
,,,11
,,,5
,,,8
,,,4
,,,6
,,,7
,,,7
,,,4
,,,5
,,,5
,,,5
,,,4
,,,4
,,,5
,,,4
,,,4
,,,9
,,,4
,,,5
,,,4
,,,4
,,,4
,,,7
,,,4
,,,4
,,,7
,,,4
,,,4
,,,4
,,,5
,,,4
,,,4
,,,9
,,,4
,,,4
,,,4
,,,7
,,,4
,,,4
,,,5
,,,4
,,,6
,,,5
,,,4
,,,5
,,,6
,,,4
,,,6
,,,4
,,,6
,,,5
,,,4
,,,4
,,,6
,,,5
,,,5
,,,5
,,,4
,,,5
,,,5
,,,5
,,,7
,,,4
,,,4
,,,7
,,,8
,,,5
,,,4
,,,4
,,,4
,,,7
,,,4
,,,4
,,,8
,,,5
,,,4
,,,4
,,,4
,,,4
,,,9
,,,6
,,,4
,,,5
,,,4
,,,6
,,,4
,,,5
,,,4
,,,7
,,,4
,,,4
,,,4
,,,7
,,,5
,,,6
,,,7
,,,7
,,,4
,,,6
,,,4
,,,6
,,,4
,,,4
,,,4
,,,8
,,,6
,,,4
,,,4
,,,6
,,,4
,,,4
,,,5
,,,6
,,,4
,,,4
,,,5
,,,6
,,,6
,,,6
,,,4
,,,8
,,,6
,,,6
,,,5
,,,4
,,,4
,,,4
,,,4
,,,4
,,,6
,,,4
,,,6
,,,5
,,,7
,,,4
,,,4
,,,6
,,,4
,,,6
,,,4
,,,4
,,,4
,,,5
,,,5
,,,5
,,,4
,,,7
,,,4
,,,6
,,,4
,,,4
,,,5
,,,4
,,,4
,,,7
,,,6
,,,5
,,,4
,,,4
,,,4
,,,4
,,,4
,,,9
,,,4
,,,6
,,,5
,,,4
,,,4
,,,5
,,,7
,,,8
,,,4
,,,4
,,,7
,,,7
,,,6
,,,5
,,,6
,,,6
,,,8
,,,4
,,,4
,,,7
,,,4
,,,5
,,,4
,,,4
,,,4
,,,5
,,,7
,,,6
,,,4
,,,5
,,,4
,,,4
,,,4
,,,6
,,,5
,,,5
,,,8
,,,4
,,,7
,,,11
,,,4
,,,4
,,,5
,,,4
,,,4
,,,4
,,,7
,,,5
,,,5
,,,4
,,,8
,,,4
,,,4
,,,4
,,,4
,,,8
,,,5
,,,8
,,,4
,,,4
,,,4
,,,7
,,,5
,,,5
,,,4
,,,6
,,,6
,,,5
,,,4
,,,7
,,,5
,,,5
,,,9
,,,4
,,,4
,,,5
,,,5
,,,4
,,,5
,,,4
,,,4
,,,6
,,,6
,,,7
,,,6
,,,4
,,,4
,,,5
,,,6
,,,5
,,,4
,,,4
,,,4
,,,6
,,,4
,,,4
,,,4
,,,7
,,,5
,,,9
,,,7
,,,5
,,,6
,,,4
,,,4
,,,7
,,,5
,,,5
,,,4
,,,4
,,,5
,,,4
,,,4
,,,6
,,,5
,,,10
,,,5
,,,5
,,,4
,,,6
,,,4
,,,4
,,,5
,,,5
,,,5
,,,5
,,,4
,,,5
,,,6
,,,5
,,,4
,,,4
,,,4
,,,5
,,,6
,,,4
,,,7
,,,9
,,,4
,,,5
,,,4
,,,6
,,,4
,,,6
,,,10
,,,5
,,,4
,,,5
,,,6
,,,4
,,,5
,,,5
,,,7
,,,5
,,,4
,,,15
,,,4
,,,4
,,,4
,,,4
,,,8
,,,5
,,,6
,,,4
,,,10
,,,7
,,,4
,,,4
,,,4
,,,4
,,,4
,,,5
,,,7
,,,5
,,,4
,,,4
,,,4
,,,4
,,,7
,,,4
,,,5
,,,4
,,,5
,,,5
,,,4
,,,4
,,,5
,,,7
,,,5
,,,8
,,,4
,,,6
,,,4
,,,4
,,,7
,,,6
,,,8
,,,5
,,,4
,,,6
,,,4
,,,5
,,,6
,,,7
,,,4
,,,4
,,,4
,,,4
,,,4
,,,4
,,,8
,,,6
,,,6
,,,7
,,,4
,,,4
,,,16
,,,5
,,,5
,,,8
,,,11
,,,4
,,,4
,,,5
,,,5
,,,4
,,,5
,,,4
,,,5
,,,15
,,,4
,,,5
,,,5
,,,6
,,,4
,,,5
,,,5
,,,5
,,,6
,,,5
,,,4
,,,5
,,,5
,,,6
,,,4
,,,5
,,,4
,,,5
,,,5
,,,4
,,,7
,,,6
,,,5
,,,6
,,,5
,,,5
,,,5
,,,5
,,,5
,,,4
,,,4
,,,4
,,,6
,,,6
,,,7
,,,6
,,,6
,,,6
,,,6
,,,4
,,,7
,,,5
,,,4
,,,5
,,,4
,,,4
,,,6
,,,6
,,,7
,,,5
,,,5
,,,4
,,,4
,,,4
,,,4
,,,4
,,,5
,,,6
,,,4
,,,4
,,,4
,,,7
,,,4
,,,4
,,,6
,,,4
,,,6
,,,6
,,,8
,,,7
,,,4
,,,8
,,,6
,,,4
,,,4
,,,4
,,,5
,,,4
,,,6
,,,4
,,,6
,,,4
,,,6
,,,7
,,,4
,,,4
,,,4
,,,4
,,,8
,,,5
,,,7
,,,6
,,,11
,,,7
,,,4
,,,9
,,,4
,,,4
,,,4
,,,5
,,,5
,,,5
,,,8
,,,4
,,,4
,,,5
,,,4
,,,4
,,,4
,,,5
,,,6
,,,7
,,,7
,,,6
,,,4
,,,7
,,,4
,,,6
,,,4
,,,4
,,,4
,,,5
,,,6
,,,4
,,,4
,,,4
,,,7
,,,8
,,,4
,,,6
,,,7
,,,7
,,,9
,,,7
,,,6
,,,5
,,,4
,,,5
,,,6
,,,5
,,,4
,,,8
,,,4
,,,5
,,,4
,,,8
,,,4
,,,4
,,,4
,,,4
,,,13
,,,7
,,,9
,,,5
,,,6
,,,5
,,,4
,,,4
,,,4
,,,10
,,,6
,,,5
,,,4
,,,4
,,,4
,,,4
,,,4
,,,5
,,,5
,,,4
,,,5
,,,4
,,,5
,,,4
,,,4
,,,6
,,,7
,,,4
,,,4
,,,4
,,,6
,,,6
,,,8
,,,6
,,,9
,,,4
,,,6
,,,6
,,,6
,,,4
,,,4
,,,5
,,,4
,,,4
,,,5
,,,7
,,,6
,,,4
,,,6
,,,5
,,,7
,,,4
,,,4
,,,16
,,,4
,,,4
,,,5
,,,4
,,,7
,,,4
,,,4
,,,6
,,,4
,,,8
,,,7
,,,4
,,,5
,,,6
,,,4
,,,9
,,,5
,,,5
,,,5
,,,7
,,,4
,,,4
,,,9
,,,4
,,,5
,,,7
,,,5
,,,6
,,,5
,,,10
,,,7
,,,8
,,,6
,,,4
,,,9
,,,6
,,,4
,,,7
,,,4
,,,11
,,,6
,,,4
,,,4
,,,4
,,,8
,,,6
,,,12
,,,5
,,,7
,,,4
,,,5
,,,6
,,,4
,,,6
,,,4
,,,5
,,,4
,,,4
,,,7
,,,4
,,,4
,,,5
,,,4
,,,5
,,,5
,,,4
,,,6
,,,6
,,,7
,,,7
,,,8
,,,4
,,,4
,,,4
,,,4
,,,4
,,,5
,,,5
,,,4
,,,4
,,,4
,,,4
,,,7
,,,6
,,,5
,,,6
,,,6
,,,4
,,,4
,,,4
,,,5
,,,4
,,,4
,,,5
,,,4
,,,10
,,,9
,,,8
,,,7
,,,12
,,,4
,,,5
,,,4
,,,4
,,,4
,,,5
,,,5
,,,6
,,,5
,,,4
,,,4
,,,4
,,,6
,,,5
,,,6
,,,4
,,,4
,,,6
,,,5
,,,5
,,,4
,,,4
,,,4
,,,4
,,,5
,,,7
,,,4
,,,6
,,,4
,,,8
,,,4
,,,6
,,,4
,,,4
,,,5
,,,6
,,,6
,,,4
,,,5
,,,4
,,,9
,,,4
,,,7
,,,4
,,,8
,,,4
,,,6
,,,4
,,,4
,,,4
,,,6
,,,4
,,,6
,,,4
,,,9
,,,8
,,,4
,,,5
,,,5
,,,7
,,,9
,,,7
,,,4
,,,4
,,,4
,,,5
,,,7
,,,5
,,,4
,,,9
,,,4
,,,4
,,,4
,,,4
,,,5
,,,12
,,,4
,,,4
,,,5
,,,4
,,,6
,,,6
,,,5
,,,4
,,,5
,,,6
,,,4
,,,4
,,,4
,,,6
,,,4
,,,4
,,,7
,,,16
,,,5
,,,5
,,,5
,,,8
,,,4
,,,4
,,,7
,,,4
,,,4
,,,9
,,,4
,,,6
,,,9
,,,4
,,,6
,,,6
,,,4
,,,4
,,,4
,,,4
,,,6
,,,5
,,,5
,,,5
,,,5
,,,4
,,,7
,,,4
,,,5
,,,4
,,,8
,,,4
,,,6
,,,4
,,,5
,,,4
,,,4
,,,4
,,,9
,,,5
,,,7
,,,8
,,,4
,,,4
,,,4
,,,4
,,,5
,,,6
,,,11
,,,4
,,,6
,,,5
,,,4
,,,4
,,,7
,,,10
,,,8
,,,4
,,,5
,,,4
,,,5
,,,7
,,,4
,,,5
,,,10
,,,4
,,,8
,,,5
,,,5
,,,4
,,,4
,,,8
,,,4
,,,5
,,,5
,,,6
,,,5
,,,6
,,,4
,,,4
,,,4
,,,4
,,,8
,,,4
,,,6
,,,4
,,,4
,,,7
,,,4
,,,4
,,,5
,,,6
,,,4
,,,7
,,,4
,,,4
,,,4
,,,4
,,,6
,,,7
,,,4
,,,4
,,,6
,,,4
,,,4
,,,5
,,,6
,,,5
,,,6
,,,4
,,,4
,,,5
,,,4
,,,4
,,,6
,,,4
,,,4
,,,4
,,,5
,,,9
,,,6
,,,8
,,,8
,,,4
,,,5
,,,6
,,,4
,,,4
,,,4
,,,4
,,,6
,,,4
,,,4
,,,7
,,,5
,,,6
,,,7
,,,6
,,,4
,,,4
,,,4
,,,5
,,,4
,,,4
,,,6
,,,5
,,,8
,,,8
,,,4
,,,5
,,,5
,,,5
,,,4
,,,5
,,,6
,,,6
,,,4
,,,5
,,,4
,,,4
,,,5
,,,4
,,,5
,,,5
,,,4
,,,7
,,,4
,,,5
,,,4
,,,5
,,,6
,,,7
,,,8
,,,6
,,,4
,,,7
,,,7
,,,4
,,,4
,,,6
,,,4
,,,4
,,,6
,,,6
,,,4
,,,4
,,,7
,,,7
,,,5
,,,6
,,,4
,,,7
,,,4
,,,4
,,,5
,,,8
,,,7
,,,6
,,,4
,,,4
,,,4
,,,9
,,,6
,,,5
,,,5
,,,5
,,,6
,,,5
,,,4
,,,4
,,,6
,,,5
,,,5
,,,4
,,,4
,,,4
,,,6
,,,4
,,,6
,,,4
,,,6
,,,8
,,,4
,,,4
,,,4
,,,6
,,,9
,,,4
,,,4
,,,4
,,,4
,,,4
,,,4
,,,4
,,,5
,,,8
,,,4
,,,5
,,,4
,,,4
,,,6
,,,4
,,,5
,,,4
,,,7
,,,4
,,,5
,,,5
,,,4
,,,7
,,,6
,,,4
,,,7
,,,6
,,,4
,,,6
,,,4
,,,4
,,,8
,,,5
,,,4
,,,4
,,,5
,,,5
,,,9
,,,4
,,,7
,,,6
,,,4
,,,5
,,,8
,,,4
,,,4
,,,4
,,,7
,,,5
,,,8
,,,4
,,,4
,,,5
,,,5
,,,4
,,,8
,,,6
,,,4
,,,6
,,,6
,,,4
,,,4
,,,4
,,,6
,,,4
,,,4
,,,5
,,,8
,,,4
,,,4
,,,6
,,,5
,,,4
,,,6
,,,6
,,,6
,,,7
,,,4
,,,4
,,,8
,,,4
,,,7
,,,7
,,,4
,,,8
,,,15
,,,5
,,,4
,,,6
,,,4
,,,4
,,,5
,,,4
,,,6
,,,8
,,,4
,,,4
,,,6
,,,4
,,,5
,,,7
,,,6
,,,4
,,,7
,,,5
,,,5
,,,4
,,,5
,,,4
,,,6
,,,4
,,,8
,,,8
,,,4
,,,6
,,,5
,,,7
,,,6
,,,4
,,,8
,,,7
,,,4
,,,5
,,,6
,,,4
,,,5
,,,6
,,,4
,,,4
,,,8
,,,4
,,,4
,,,4
,,,6
,,,6
,,,4
,,,5
,,,8
,,,6
,,,5
,,,4
,,,7
,,,6
,,,7
,,,4
,,,4
,,,4
,,,6
,,,4
,,,4
,,,5
,,,6
,,,7
,,,5
,,,4
,,,4
,,,9
,,,4
,,,4
,,,5
,,,4
,,,4
,,,4
,,,7
,,,5
,,,5
,,,4
,,,7
,,,5
,,,5
,,,4
,,,4
,,,4
,,,4
,,,6
,,,7
,,,6
,,,4
,,,4
,,,6
,,,6
,,,5
,,,4
,,,4
,,,5
,,,4
,,,5
,,,4
,,,8
,,,4
,,,4
,,,5
,,,8
,,,5
,,,7
,,,4
,,,4
,,,4
,,,4
,,,7
,,,4
,,,4
,,,4
,,,5
,,,6
,,,6
,,,7
,,,4
,,,4
,,,7
,,,4
,,,4
,,,4
,,,6
,,,4
,,,6
,,,4
,,,7
,,,7
,,,7
,,,7
,,,5
,,,4
,,,7
,,,6
,,,5
,,,4
,,,6
,,,5
,,,4
,,,4
,,,4
,,,6
,,,4
,,,5
,,,4
,,,4
,,,4
,,,4
,,,7
,,,8
,,,6
,,,6
,,,6
,,,6
,,,7
,,,5
,,,4
,,,7
,,,6
,,,6
,,,4
,,,7
,,,5
,,,6
,,,6
,,,5
,,,7
,,,4
,,,4
,,,6
,,,5
,,,5
,,,5
,,,6
,,,4
,,,5
,,,4
,,,6
,,,4
,,,4
,,,4
,,,5
,,,5
,,,5
,,,6
,,,5
,,,5
,,,10
,,,8
,,,4
,,,7
,,,5
,,,7
,,,4
,,,4
,,,5
,,,6
,,,8
,,,4
,,,4
,,,6
,,,5
,,,5
,,,4
,,,7
,,,6
,,,6
,,,4
,,,6
,,,6
,,,5
,,,5
,,,5
,,,8
,,,4
,,,4
,,,6
,,,4
,,,10
,,,7
,,,5
,,,4
,,,4
,,,4
,,,6
,,,4
,,,5
,,,4
,,,4
,,,5
,,,6
,,,4
,,,6
,,,6
,,,4
,,,4
,,,5
,,,6
,,,4
,,,8
,,,7
,,,5
,,,6
,,,5
,,,5
,,,4
,,,4
,,,4
,,,6
,,,5
,,,4
,,,6
,,,4
,,,8
,,,6
,,,4
,,,4
,,,4
,,,4
,,,6
,,,5
,,,4
,,,4
,,,6
,,,5
,,,6
,,,5
,,,4
,,,5
,,,5
,,,4
,,,8
,,,4
,,,4
,,,5
,,,6
,,,4
,,,8
,,,4
,,,6
,,,8
,,,7
,,,5
,,,4
,,,4
,,,4
,,,4
,,,5
,,,6
,,,4
,,,5
,,,6
,,,5
,,,7
,,,6
,,,6
,,,9
,,,4
,,,4
,,,4
,,,5
,,,6
,,,5
,,,6
,,,6
,,,4
,,,4
,,,6
,,,4
,,,4
,,,4
,,,5
,,,4
,,,4
,,,4
,,,4
,,,6
,,,5
,,,6
,,,4
,,,7
,,,4
,,,5
,,,6
,,,4
,,,4
,,,6
,,,5
,,,4
,,,4
,,,5
,,,5
,,,6
,,,4
,,,4
,,,8
,,,4
,,,5
,,,5
,,,4
,,,5
,,,4
,,,4
,,,4
,,,5
,,,4
,,,4
,,,5
,,,4
,,,4
,,,5
,,,5
,,,5
,,,7
,,,4
,,,4
,,,5
,,,4
,,,4
,,,4
,,,4
,,,6
,,,8
,,,4
,,,5
,,,4
,,,5
,,,6
,,,7
,,,4
,,,4
,,,5
,,,5
,,,14
,,,4
,,,6
,,,9
,,,6
,,,5
,,,4
,,,5
,,,5
,,,5
,,,7
,,,4
,,,5
,,,4
,,,4
,,,4
,,,4
,,,4
,,,4
,,,6
,,,11
,,,8
,,,4
,,,5
,,,4
,,,4
,,,4
,,,4
,,,4
,,,7
,,,4
,,,4
,,,5
,,,4
,,,4
,,,4
,,,6
,,,4
,,,4
,,,5
,,,6
,,,4
,,,12
,,,5
,,,4
,,,6
,,,4
,,,9
,,,6
,,,4
,,,4
,,,4
,,,4
,,,5
,,,6
,,,4
,,,4
,,,6
,,,4
,,,8
,,,4
,,,7
,,,5
,,,8
,,,6
,,,9
,,,4
,,,5
,,,6
,,,4
,,,5
,,,6
,,,6
,,,4
,,,4
,,,11
,,,11
,,,5
,,,5
,,,5
,,,4
,,,4
,,,8
,,,4
,,,4
,,,6
,,,6
,,,4
,,,4
,,,5
,,,13
,,,4
,,,4
,,,6
,,,6
,,,5
,,,8
,,,4
,,,5
,,,6
,,,4
,,,6
,,,4
,,,4
,,,6
,,,4
,,,4
,,,5
,,,6
,,,8
,,,8
,,,4
,,,4
,,,4
,,,4
,,,8
,,,6
,,,4
,,,4
,,,7
,,,4
,,,4
,,,4
,,,6
,,,6
,,,7
,,,5
,,,6
,,,4
,,,7
,,,5
,,,4
,,,11
,,,5
,,,5
,,,4
,,,4
,,,5
,,,4
,,,4
,,,4
,,,7
,,,4
,,,4
,,,5
,,,6
,,,6
,,,4
,,,8
,,,6
,,,6
,,,7
,,,5
,,,5
,,,4
,,,6
,,,6
,,,4
,,,7
,,,6
,,,6
,,,4
,,,6
,,,4
,,,4
,,,5
,,,8
,,,6
,,,7
,,,4
,,,4
,,,4
,,,4
,,,4
,,,4
,,,5
,,,4
,,,4
,,,7
,,,4
,,,7
,,,6
,,,4
,,,4
,,,5
,,,4
,,,7
,,,4
,,,7
,,,4
,,,4
,,,6
,,,4
,,,4
,,,5
,,,5
,,,6
,,,5
,,,6
,,,4
,,,4
,,,5
,,,4
,,,4
,,,4
,,,5
,,,4
,,,25
,,,8
,,,5
,,,5
,,,6
,,,7
,,,7
,,,4
,,,6
,,,9
,,,4
,,,6
,,,4
,,,8
,,,4
,,,4
,,,4
,,,4
,,,5
,,,4
,,,7
,,,4
,,,7
,,,5
,,,4
,,,7
,,,6
,,,4
,,,4
,,,7
,,,4
,,,4
,,,4
,,,4
,,,4
,,,5
,,,6
,,,4
,,,5
,,,6
,,,4
,,,6
,,,8
,,,4
,,,11
,,,4
,,,4
,,,4
,,,4
,,,4
,,,4
,,,4
,,,7
,,,4
,,,6
,,,4
,,,4
,,,4
,,,4
,,,5
,,,18
,,,7
,,,4
,,,6
,,,4
,,,4
,,,9
,,,5
,,,4
,,,7
,,,5
,,,5
,,,6
,,,4
,,,6
,,,4
,,,5
,,,4
,,,6
,,,4
,,,4
,,,7
,,,6
,,,4
,,,6
,,,7
,,,4
,,,4
,,,6
,,,4
,,,5
,,,4
,,,6
,,,8
,,,6
,,,8
,,,5
,,,7
,,,6
,,,6
,,,4
,,,5
,,,7
,,,7
,,,4
,,,5
,,,6
,,,5
,,,6
,,,5
,,,5
,,,4
,,,5
,,,4
,,,6
,,,4
,,,4
,,,5
,,,5
,,,4
,,,6
,,,4
,,,5
,,,4
,,,6
,,,6
,,,6
,,,5
,,,5
,,,4
,,,4
,,,5
,,,5
,,,5
,,,4
,,,6
,,,4
,,,4
,,,5
,,,4
,,,7
,,,6
,,,5
,,,7
,,,4
,,,6
,,,4
,,,4
,,,6
,,,4
,,,6
,,,4
,,,4
,,,7
,,,4
,,,4
,,,7
,,,5
,,,4
,,,9
,,,7
,,,4
,,,5
,,,6
,,,5
,,,4
,,,5
,,,5
,,,6
,,,7
,,,5
,,,4
,,,6
,,,4
,,,9
,,,4
,,,5
,,,4
,,,7
,,,4
,,,4
,,,6
,,,5
,,,4
,,,8
,,,4
,,,6
,,,6
,,,4
,,,4
,,,4
,,,4
,,,6
,,,6
,,,4
,,,4
,,,4
,,,4
,,,5
,,,6
,,,4
,,,4
,,,5
,,,8
,,,5
,,,4
,,,6
,,,4
,,,4
,,,7
,,,4
,,,6
,,,4
,,,4
,,,5
,,,4
,,,5
,,,6
,,,4
,,,4
,,,4
,,,7
,,,14
,,,6
,,,5
,,,4
,,,5
,,,4
,,,7
,,,6
,,,4
,,,4
,,,4
,,,4
,,,4
,,,6
,,,6
,,,4
,,,4
,,,6
,,,4
,,,5
,,,5
,,,5
,,,6
,,,4
,,,4
,,,6
,,,4
,,,4
,,,5
,,,5
,,,5
,,,5
,,,6
,,,7
,,,4
,,,8
,,,4
,,,5
,,,4
,,,5
,,,4
,,,5
,,,5
,,,18
,,,4
,,,5
,,,6
,,,7
,,,4
,,,5
,,,4
,,,6
,,,5
,,,4
,,,5
,,,4
,,,4
,,,6
,,,4
,,,5
,,,4
,,,5
,,,6
,,,9
,,,10
,,,4
,,,4
,,,8
,,,7
,,,4
,,,4
,,,4
,,,4
,,,4
,,,4
,,,5
,,,5
,,,4
,,,4
,,,5
,,,6
,,,4
,,,4
,,,4
,,,4
,,,5
,,,7
,,,4
,,,4
,,,4
,,,5
,,,4
,,,5
,,,4
,,,6
,,,6
,,,5
,,,9
,,,4
,,,6
,,,4
,,,5
,,,4
,,,4
,,,6
,,,4
,,,4
,,,4
,,,7
,,,5
,,,5
,,,6
,,,4
,,,5
,,,4
,,,4
,,,5
,,,4
,,,8
,,,4
,,,7
,,,6
,,,7
,,,4
,,,4
,,,4
,,,4
,,,4
,,,4
,,,15
,,,4
,,,4
,,,5
,,,5
,,,9
,,,6
,,,5
,,,5
,,,5
,,,4
,,,11
,,,4
,,,4
,,,4
,,,4
,,,4
,,,8
,,,5
,,,6
,,,7
,,,4
,,,5
,,,5
,,,4
,,,6
,,,5
,,,6
,,,6
,,,5
,,,5
,,,4
,,,4
,,,5
,,,4
,,,4
,,,4
,,,6
,,,4
,,,4
,,,8
,,,23
,,,4
,,,5
,,,4
,,,5
,,,4
,,,5
,,,5
,,,4
,,,4
,,,4
,,,4
,,,7
,,,4
,,,5
,,,7
,,,7
,,,8
,,,7
,,,6
,,,5
,,,4
,,,4
,,,7
,,,4
,,,6
,,,4
,,,4
,,,12
,,,7
,,,6
,,,8
,,,4
,,,6
,,,5
,,,4
,,,4
,,,7
,,,4
,,,4
,,,5
,,,6
,,,5
,,,4
,,,6
,,,5
,,,12
,,,4
,,,6
,,,4
,,,4
,,,8
,,,6
,,,6
,,,4
,,,7
,,,5
,,,4
,,,7
,,,4
,,,7
,,,6
,,,4
,,,4
,,,19
,,,8
,,,4
,,,7
,,,4
,,,13
,,,5
,,,6
,,,5
,,,5
,,,7
,,,5
,,,6
,,,4
,,,15
,,,4
,,,4
,,,7
,,,4
,,,4
,,,4
,,,5
,,,4
,,,4
,,,5
,,,5
,,,5
,,,4
,,,4
,,,7
,,,5
,,,6
,,,7
,,,4
,,,4
,,,9
,,,7
,,,7
,,,4
,,,5
,,,4
,,,7
,,,7
,,,7
,,,5
,,,5
,,,7
,,,7
,,,8
,,,5
,,,4
,,,4
,,,6
,,,4
,,,8
,,,4
,,,5
,,,8
,,,5
,,,4
,,,6
,,,8
,,,4
,,,6
,,,4
,,,9
,,,4
,,,5
,,,5
,,,5
,,,6
,,,5
,,,4
,,,7
,,,6
,,,7
,,,5
,,,4
,,,4
,,,5
,,,6
,,,4
,,,4
,,,5
,,,6
,,,6
,,,7
,,,7
,,,4
,,,6
,,,6
,,,4
,,,4
,,,7
,,,4
,,,6
,,,5
,,,4
,,,4
,,,6
,,,12
,,,7
,,,4
,,,7
,,,4
,,,5
,,,7
,,,4
,,,4
,,,6
,,,5
,,,4
,,,6
,,,6
,,,9
,,,5
,,,5
,,,4
,,,5
,,,4
,,,4
,,,4
,,,4
,,,16
,,,6
,,,7
,,,5
,,,5
,,,7
,,,4
,,,5
,,,6
,,,8
,,,4
,,,5
,,,4
,,,4
,,,4
,,,5
,,,7
,,,5
,,,4
,,,4
,,,4
,,,15
,,,8
,,,4
,,,4
,,,5
,,,9
,,,5
,,,4
,,,6
,,,4
,,,6
,,,4
,,,4
,,,8
,,,6
,,,8
,,,5
,,,8
,,,11
,,,8
,,,4
,,,6
,,,5
,,,4
,,,4
,,,5
,,,4
,,,6
,,,6
,,,5
,,,4
,,,7
,,,5
,,,4
,,,4
,,,4
,,,8
,,,4
,,,5
,,,5
,,,4
,,,5
,,,5
,,,5
,,,4
,,,7
,,,4
,,,4
,,,4
,,,5
,,,5
,,,5
,,,4
,,,4
,,,7
,,,4
,,,6
,,,6
,,,5
,,,4
,,,5
,,,9
,,,10
,,,5
,,,5
,,,6
,,,5
,,,4
,,,4
,,,8
,,,4
,,,4
,,,7
,,,4
,,,4
,,,4
,,,5
,,,4
,,,7
,,,4
,,,4
,,,5
,,,7
,,,6
,,,4
,,,6
,,,5
,,,4
,,,4
,,,5
,,,4
,,,5
,,,6
,,,4
,,,4
,,,5
,,,4
,,,6
,,,5
,,,7
,,,5
,,,4
,,,4
,,,5
,,,4
,,,9
,,,5
,,,5
,,,9
,,,7
,,,4
,,,8
,,,5
,,,7
,,,5
,,,4
,,,5
,,,7
,,,4
,,,9
,,,4
,,,4
,,,4
,,,6
,,,4
,,,4
,,,7
,,,6
,,,5
,,,4
,,,7
,,,4
,,,4
,,,4
,,,8
,,,4
,,,6
,,,4
,,,4
,,,4
,,,6
,,,5
,,,4
,,,6
,,,6
,,,8
,,,4
,,,4
,,,5
,,,4
,,,6
,,,5
,,,4
,,,5
,,,4
,,,5
,,,7
,,,7
,,,5
,,,5
,,,4
,,,5
,,,5
,,,7
,,,4
,,,7
,,,4
,,,5
,,,4
,,,4
,,,6
,,,7
,,,5
,,,5
,,,4
,,,4
,,,8
,,,4
,,,7
,,,4
,,,8
,,,4
,,,9
,,,6
,,,4
,,,4
,,,4
,,,6
,,,7
,,,5
,,,4
,,,4
,,,4
,,,4
,,,4
,,,5
,,,8
,,,4
,,,7
,,,4
,,,4
,,,6
,,,9
,,,4
,,,7
,,,4
,,,5
,,,8
,,,4
,,,9
,,,5
,,,4
,,,8
,,,4
,,,4
,,,4
,,,6
,,,5
,,,5
,,,4
,,,4
,,,4
,,,4
,,,4
,,,4
,,,4
,,,4
,,,7
,,,5
,,,5
,,,4
,,,7
,,,5
,,,4
,,,6
,,,4
,,,4
,,,7
,,,5
,,,4
,,,6
,,,7
,,,5
,,,5
,,,6
,,,6
,,,6
,,,5
,,,6
,,,6
,,,4
,,,9
,,,4
,,,5
,,,4
,,,8
,,,4
,,,7
,,,6
,,,4
,,,4
,,,7
,,,4
,,,4
,,,7
,,,13
,,,4
,,,4
,,,7
,,,4
,,,4
,,,6
,,,4
,,,9
,,,4
,,,4
,,,5
,,,5
,,,4
,,,5
,,,5
,,,6
,,,4
,,,5
,,,6
,,,4
,,,15
,,,7
,,,6
,,,4
,,,4
,,,4
,,,4
,,,4
,,,7
,,,5
,,,4
,,,4
,,,7
,,,7
,,,5
,,,4
,,,4
,,,4
,,,4
,,,4
,,,4
,,,4
,,,7
,,,4
,,,4
,,,4
,,,4
,,,7
,,,6
,,,4
,,,8
,,,5
,,,5
,,,6
,,,4
,,,9
,,,4
,,,3
,,,9
,,,6
,,,4
,,,6
,,,7
,,,8
,,,4
,,,8
,,,4
,,,5
,,,6
,,,8
,,,5
,,,6
,,,7
,,,4
,,,6
,,,6
,,,6
,,,7
,,,7
,,,5
,,,9
,,,4
,,,5
,,,5
,,,7
,,,15
,,,5
,,,5
,,,6
,,,4
,,,4
,,,5
,,,4
,,,8
,,,4
,,,6
,,,5
,,,5
,,,4
,,,4
,,,4
,,,4
,,,4
,,,5
,,,5
,,,8
,,,5
,,,12
,,,8
,,,5
,,,6
,,,4
,,,7
,,,16
,,,4
,,,5
,,,18
,,,4
,,,4
,,,6
,,,8
,,,4
,,,16
,,,4
,,,5
,,,4
,,,4
,,,5
,,,4
,,,5
,,,5
,,,6
,,,10
,,,5
,,,4
,,,7
,,,5
,,,8
,,,4
,,,4
,,,4
,,,6
,,,5
,,,5
,,,4
,,,7
,,,4
,,,7
,,,5
,,,6
,,,5
,,,4
,,,4
,,,4
,,,4
,,,4
,,,4
,,,4
,,,4
,,,5
,,,6
,,,5
,,,7
,,,6
,,,4
,,,7
,,,8
,,,6
,,,4
,,,4
,,,5
,,,5
,,,4
,,,4
,,,7
,,,8
,,,6
,,,7
,,,4
,,,5
,,,4
,,,4
,,,5
,,,5
,,,4
,,,4
,,,4
,,,5
,,,5
,,,6
,,,6
,,,5
,,,5
,,,4
,,,5
,,,4
,,,7
,,,5
,,,5
,,,5
,,,5
,,,6
,,,4
,,,6
,,,5
,,,8
,,,8
,,,6
,,,4
,,,4
,,,5
,,,8
,,,7
,,,6
,,,8
,,,9
,,,4
,,,4
,,,4
,,,6
,,,8
,,,4
,,,8
,,,5
,,,5
,,,6
,,,8
,,,6
,,,4
,,,6
,,,5
,,,5
,,,5
,,,4
,,,6
,,,5
,,,5
,,,7
,,,4
,,,4
,,,7
,,,4
,,,6
,,,5
,,,7
,,,5
,,,4
,,,5
,,,4
,,,4
,,,4
,,,5
,,,6
,,,4
,,,5
,,,4
,,,10
,,,7
,,,5
,,,4
,,,9
,,,4
,,,5
,,,5
,,,4
,,,7
,,,4
,,,5
,,,6
,,,5
,,,7
,,,5
,,,4
,,,4
,,,5
,,,4
,,,4
,,,4
,,,5
,,,14
,,,4
,,,4
,,,4
,,,5
,,,4
,,,5
,,,4
,,,8
,,,4
,,,5
,,,10
,,,4
,,,6
,,,7
,,,5
,,,7
,,,6
,,,7
,,,6
,,,4
,,,4
,,,4
,,,5
,,,7
,,,8
,,,4
,,,10
,,,6
,,,4
,,,17
,,,4
,,,6
,,,4
,,,6
,,,6
,,,4
,,,10
,,,7
,,,4
,,,6
,,,5
,,,7
,,,4
,,,6
,,,5
,,,4
,,,7
,,,4
,,,6
,,,4
,,,9
,,,4
,,,5
,,,4
,,,4
,,,7
,,,6
,,,5
,,,6
,,,4
,,,6
,,,5
,,,4
,,,8
,,,6
,,,4
,,,5
,,,5
,,,6
,,,7
,,,4
,,,5
,,,4
,,,4
,,,4
,,,4
,,,5
,,,4
,,,6
,,,4
,,,4
,,,4
,,,6
,,,5
,,,6
,,,6
,,,4
,,,7
,,,4
,,,4
,,,6
,,,4
,,,5
,,,4
,,,5
,,,6
,,,4
,,,8
,,,6
,,,5
,,,4
,,,6
,,,7
,,,8
,,,7
,,,4
,,,5
,,,7
,,,4
,,,4
,,,5
,,,4
,,,4
,,,4
,,,4
,,,7
,,,7
,,,4
,,,4
,,,4
,,,4
,,,4
,,,4
,,,4
,,,6
,,,5
,,,7
,,,6
,,,5
,,,4
,,,4
,,,7
,,,4
,,,4
,,,4
,,,4
,,,4
,,,4
,,,7
,,,7
,,,5
,,,6
,,,4
,,,7
,,,5
,,,7
,,,4
,,,4
,,,6
,,,4
,,,8
,,,8
,,,4
,,,4
,,,7
,,,6
,,,5
,,,8
,,,7
,,,4
,,,4
,,,6
,,,5
,,,6
,,,5
,,,4
,,,4
,,,4
,,,5
,,,7
,,,4
,,,4
,,,6
,,,4
,,,4
,,,4
,,,4
,,,4
,,,5
,,,4
,,,4
,,,4
,,,8
,,,4
,,,4
,,,6
,,,4
,,,5
,,,4
,,,4
,,,4
,,,5
,,,4
,,,7
,,,5
,,,7
,,,7
,,,6
,,,5
,,,4
,,,4
,,,4
,,,8
,,,5
,,,4
,,,5
,,,5
,,,5
,,,4
,,,6
,,,4
,,,6
,,,5
,,,5
,,,4
,,,5
,,,4
,,,4
,,,7
,,,5
,,,4
,,,7
,,,6
,,,4
,,,6
,,,4
,,,11
,,,5
,,,6
,,,4
,,,9
,,,6
,,,6
,,,6
,,,4
,,,5
,,,4
,,,6
,,,6
,,,4
,,,6
,,,8
,,,6
,,,4
,,,8
,,,4
,,,4
,,,4
,,,6
,,,7
,,,4
,,,5
,,,7
,,,10
,,,6
,,,6
,,,6
,,,5
,,,4
,,,5
,,,8
,,,6
,,,4
,,,5
,,,4
,,,4
,,,5
,,,4
,,,4
,,,5
,,,4
,,,4
,,,4
,,,4
,,,5
,,,4
,,,4
,,,6
,,,4
,,,7
,,,4
,,,6
,,,6
,,,5
,,,5
,,,9
,,,4
,,,8
,,,6
,,,5
,,,7
,,,4
,,,4
,,,4
,,,6
,,,27
,,,4
,,,9
,,,5
,,,6
,,,5
,,,6
,,,6
,,,5
,,,5
,,,6
,,,6
,,,4
,,,5
,,,4
,,,5
,,,5
,,,5
,,,5
,,,4
,,,9
,,,4
,,,8
,,,4
,,,4
,,,4
,,,5
,,,10
,,,7
,,,4
,,,4
,,,4
,,,6
,,,6
,,,4
,,,4
,,,4
,,,4
,,,5
,,,5
,,,4
,,,5
,,,4
,,,4
,,,9
,,,5
,,,4
,,,5
,,,5
,,,4
,,,4
,,,8
,,,4
,,,4
,,,4
,,,4
,,,7
,,,5
,,,4
,,,4
,,,7
,,,6
,,,4
,,,4
,,,7
,,,7
,,,4
,,,4
,,,6
,,,7
,,,4
,,,7
,,,5
,,,4
,,,5
,,,6
,,,4
,,,4
,,,4
,,,5
,,,6
,,,7
,,,5
,,,5
,,,4
,,,7
,,,5
,,,4
,,,6
,,,5
,,,10
,,,5
,,,7
,,,4
,,,9
,,,7
,,,4
,,,6
,,,5
,,,6
,,,8
,,,6
,,,4
,,,4
,,,6
,,,7
,,,4
,,,7
,,,7
,,,6
,,,4
,,,4
,,,5
,,,8
,,,6
,,,4
,,,13
,,,4
,,,5
,,,7
,,,4
,,,4
,,,4
,,,6
,,,8
,,,6
,,,4
,,,4
,,,5
,,,4
,,,4
,,,8
,,,5
,,,4
,,,4
,,,5
,,,7
,,,5
,,,6
,,,10
,,,6
,,,4
,,,4
,,,6
,,,8
,,,4
,,,4
,,,4
,,,4
,,,4
,,,5
,,,8
,,,4
,,,4
,,,4
,,,4
,,,6
,,,4
,,,7
,,,5
,,,4
,,,6
,,,7
,,,4
,,,5
,,,5
,,,5
,,,6
,,,4
,,,4
,,,6
,,,4
,,,4
,,,7
,,,5
,,,7
,,,6
,,,4
,,,4
,,,4
,,,7
,,,4
,,,4
,,,4
,,,4
,,,7
,,,4
,,,5
,,,4
,,,8
,,,6
,,,7
,,,4
,,,5
,,,5
,,,5
,,,7
,,,5
,,,4
,,,4
,,,7
,,,4
,,,5
,,,4
,,,5
,,,4
,,,5
,,,5
,,,4
,,,6
,,,4
,,,4
,,,4
,,,4
,,,4
,,,4
,,,5
,,,8
,,,5
,,,6
,,,4
,,,4
,,,4
,,,4
,,,10
,,,7
,,,4
,,,4
,,,6
,,,4
,,,4
,,,5
,,,4
,,,7
,,,4
,,,7
,,,4
,,,6
,,,8
,,,4
,,,4
,,,5
,,,7
,,,5
,,,5
,,,6
,,,6
,,,5
,,,4
,,,8
,,,7
,,,4
,,,4
,,,4
,,,4
,,,5
,,,4
,,,4
,,,4
,,,4
,,,4
,,,4
,,,4
,,,4
,,,5
,,,4
,,,5
,,,4
,,,8
,,,5
,,,7
,,,6
,,,4
,,,5
,,,4
,,,6
,,,4
,,,5
,,,5
,,,6
,,,4
,,,4
,,,4
,,,5
,,,5
,,,5
,,,6
,,,8
,,,5
,,,4
,,,4
,,,6
,,,9
,,,5
,,,4
,,,5
,,,7
,,,5
,,,4
,,,6
,,,5
,,,5
,,,9
,,,4
,,,5
,,,5
,,,4
,,,4
,,,5
,,,6
,,,5
,,,4
,,,5
,,,4
,,,4
,,,6
,,,4
,,,5
,,,6
,,,4
,,,6
,,,5
,,,4
,,,8
,,,4
,,,4
,,,4
,,,4
,,,10
,,,6
,,,4
,,,6
,,,6
,,,5
,,,8
,,,4
,,,4
,,,5
,,,4
,,,7
,,,6
,,,6
,,,4
,,,4
,,,4
,,,4
,,,5
,,,8
,,,6
,,,6
,,,50
,,,5
,,,5
,,,5
,,,5
,,,4
,,,4
,,,8
,,,7
,,,5
,,,6
,,,6
,,,4
,,,4
,,,5
,,,4
,,,4
,,,5
,,,4
,,,9
,,,4
,,,6
,,,5
,,,7
,,,4
,,,5
,,,11
,,,4
,,,8
,,,4
,,,8
,,,4
,,,4
,,,5
,,,5
,,,4
,,,4
,,,6
,,,6
,,,4
,,,4
,,,5
,,,5
,,,7
,,,4
,,,5
,,,7
,,,5
,,,4
,,,5
,,,4
,,,10
,,,5
,,,5
,,,7
,,,5
,,,13
,,,7
,,,5
,,,5
,,,4
,,,5
,,,5
,,,6
,,,9
,,,5
,,,4
,,,4
,,,6
,,,6
,,,6
,,,4
,,,5
,,,4
,,,5
,,,6
,,,4
,,,4
,,,6
,,,5
,,,6
,,,4
,,,4
,,,5
,,,4
,,,5
,,,6
,,,7
,,,8
,,,11
,,,4
,,,5
,,,6
,,,4
,,,6
,,,4
,,,8
,,,4
,,,4
,,,4
,,,4
,,,5
,,,7
,,,5
,,,5
,,,7
,,,5
,,,4
,,,6
,,,5
,,,8
,,,5
,,,4
,,,7
,,,6
,,,4
,,,4
,,,4
,,,4
,,,8
,,,4
,,,9
,,,4
,,,4
,,,4
,,,6
,,,4
,,,8
,,,6
,,,9
,,,6
,,,4
,,,4
,,,6
,,,4
,,,4
,,,5
,,,9
,,,5
,,,8
,,,4
,,,4
,,,4
,,,5
,,,4
,,,4
,,,7
,,,4
,,,4
,,,18
,,,4
,,,6
,,,4
,,,4
,,,6
,,,4
,,,4
,,,4
,,,4
,,,7
,,,4
,,,5
,,,5
,,,4
,,,5
,,,7
,,,6
,,,5
,,,5
,,,4
,,,5
,,,4
,,,5
,,,5
,,,6
,,,7
,,,7
,,,4
,,,4
,,,7
,,,5
,,,6
,,,5
,,,5
,,,4
,,,6
,,,4
,,,4
,,,4
,,,7
,,,5
,,,4
,,,6
,,,4
,,,6
,,,5
,,,4
,,,5
,,,6
,,,7
,,,4
,,,6
,,,4
,,,4
,,,10
,,,5
,,,5
,,,7
,,,6
,,,4
,,,6
,,,7
,,,4
,,,4
,,,4
,,,14
,,,6
,,,5
,,,5
,,,8
,,,4
,,,6
,,,5
,,,9
,,,5
,,,6
,,,5
,,,4
,,,5
,,,9
,,,6
,,,6
,,,5
,,,4
,,,4
,,,7
,,,5
,,,4
,,,5
,,,4
,,,4
,,,9
,,,4
,,,6
,,,5
,,,6
,,,4
,,,10
,,,6
,,,6
,,,5
,,,4
,,,5
,,,5
,,,4
,,,5
,,,5
,,,5
,,,6
,,,7
,,,4
,,,4
,,,7
,,,5
,,,7
,,,4
,,,4
,,,5
,,,4
,,,4
,,,4
,,,6
,,,9
,,,6
,,,6
,,,6
,,,4
,,,4
,,,7
,,,6
,,,4
,,,6
,,,4
,,,7
,,,4
,,,4
,,,4
,,,6
,,,4
,,,4
,,,4
,,,4
,,,4
,,,4
,,,5
,,,7
,,,6
,,,4
,,,5
,,,6
,,,6
,,,7
,,,6
,,,6
,,,5
,,,4
,,,4
,,,5
,,,5
,,,4
,,,9
,,,16
,,,4
,,,7
,,,11
,,,11
,,,7
,,,7
,,,8
,,,4
,,,4
,,,4
,,,9
,,,4
,,,7
,,,6
,,,8
,,,4
,,,4
,,,9
,,,4
,,,6
,,,6
,,,4
,,,4
,,,4
,,,4
,,,4
,,,4
,,,4
,,,7
,,,8
,,,9
,,,4
,,,4
,,,8
,,,10
,,,5
,,,4
,,,4
,,,4
,,,5
,,,4
,,,4
,,,4
,,,6
,,,7
,,,4
,,,6
,,,7
,,,6
,,,5
,,,4
,,,4
,,,5
,,,5
,,,8
,,,4
,,,6
,,,16
,,,4
,,,4
,,,4
,,,4
,,,4
,,,5
,,,11
,,,4
,,,7
,,,5
,,,7
,,,4
,,,5
,,,6
,,,4
,,,4
,,,4
,,,4
,,,4
,,,6
,,,4
,,,4
,,,5
,,,7
,,,5
,,,4
,,,11
,,,7
,,,6
,,,4
,,,8
,,,6
,,,8
,,,4
,,,4
,,,4
,,,5
,,,6
,,,4
,,,5
,,,4
,,,4
,,,6
,,,4
,,,6
,,,4
,,,4
,,,4
,,,6
,,,7
,,,4
,,,5
,,,5
,,,4
,,,5
,,,6
,,,4
,,,5
,,,5
,,,4
,,,4
,,,9
,,,5
,,,5
,,,5
,,,5
,,,4
,,,10
,,,4
,,,5
,,,4
,,,6
,,,4
,,,5
,,,8
,,,7
,,,4
,,,4
,,,5
,,,4
,,,4
,,,4
,,,5
,,,5
,,,5
,,,5
,,,4
,,,10
,,,4
,,,7
,,,7
,,,6
,,,5
,,,4
,,,8
,,,4
,,,6
,,,4
,,,14
,,,5
,,,5
,,,9
,,,7
,,,5
,,,4
,,,4
,,,4
,,,4
,,,4
,,,6
,,,5
,,,4
,,,4
,,,5
,,,4
,,,5
,,,7
,,,4
,,,5
,,,5
,,,4
,,,4
,,,13
,,,9
,,,4
,,,4
,,,4
,,,4
,,,6
,,,5
,,,4
,,,5
,,,5
,,,4
,,,5
,,,4
,,,5
,,,4
,,,5
,,,4
,,,6
,,,4
,,,6
,,,7
,,,8
,,,4
,,,5
,,,8
,,,8
,,,6
,,,12
,,,6
,,,5
,,,5
,,,4
,,,6
,,,4
,,,8
,,,4
,,,5
,,,9
,,,5
,,,4
,,,4
,,,4
,,,5
,,,12
,,,4
,,,4
,,,5
,,,5
,,,4
,,,5
,,,4
,,,7
,,,5
,,,5
,,,4
,,,4
,,,4
,,,5
,,,5
,,,6
,,,4
,,,5
,,,4
,,,6
,,,7
,,,5
,,,7
,,,4
,,,15
,,,7
,,,4
,,,4
,,,5
,,,5
,,,4
,,,5
,,,4
,,,4
,,,8
,,,5
,,,4
,,,5
,,,5
,,,4
,,,4
,,,4
,,,5
,,,4
,,,7
,,,6
,,,6
,,,4
,,,5
,,,4
,,,5
,,,7
,,,4
,,,4
,,,5
,,,4
,,,4
,,,4
,,,4
,,,4
,,,7
,,,8
,,,4
,,,4
,,,5
,,,5
,,,5
,,,4
,,,4
,,,5
,,,6
,,,7
,,,7
,,,4
,,,4
,,,5
,,,4
,,,4
,,,4
,,,7
,,,5
,,,7
,,,4
,,,4
,,,7
,,,5
,,,4
,,,4
,,,6
,,,4
,,,4
,,,4
,,,4
,,,6
,,,6
,,,7
,,,4
,,,8
,,,5
,,,4
,,,8
,,,4
,,,8
,,,4
,,,4
,,,4
,,,4
,,,4
,,,6
,,,7
,,,6
,,,5
,,,7
,,,4
,,,4
,,,4
,,,8
,,,7
,,,7
,,,6
,,,7
,,,6
,,,4
,,,4
,,,7
,,,5
,,,4
,,,4
,,,6
,,,5
,,,5
,,,5
,,,5
,,,4
,,,4
,,,4
,,,6
,,,6
,,,4
,,,4
,,,4
,,,6
,,,4
,,,6
,,,5
,,,4
,,,8
,,,4
,,,4
,,,5
,,,6
,,,6
,,,4
,,,4
,,,4
,,,4
,,,4
,,,8
,,,6
,,,4
,,,8
,,,5
,,,9
,,,5
,,,7
,,,7
,,,5
,,,5
,,,4
,,,7
,,,5
,,,4
,,,6
,,,4
,,,5
,,,4
,,,4
,,,21
,,,6
,,,6
,,,4
,,,5
,,,7
,,,4
,,,4
,,,9
,,,6
,,,8
,,,4
,,,5
,,,6
,,,6
,,,4
,,,4
,,,6
,,,6
,,,4
,,,4
,,,4
,,,4
,,,6
,,,4
,,,6
,,,5
,,,5
,,,6
,,,5
,,,4
,,,8
,,,4
,,,5
,,,4
,,,6
,,,4
,,,4
,,,4
,,,7
,,,6
,,,4
,,,6
,,,4
,,,4
,,,5
,,,4
,,,4
,,,4
,,,4
,,,6
,,,5
,,,6
,,,5
,,,5
,,,4
,,,5
,,,7
,,,6
,,,5
,,,4
,,,4
,,,7
,,,4
,,,4
,,,5
,,,4
,,,4
,,,5
,,,5
,,,7
,,,5
,,,6
,,,11
,,,11
,,,5
,,,6
,,,8
,,,7
,,,4
,,,4
,,,4
,,,5
,,,4
,,,4
,,,5
,,,4
,,,7
,,,4
,,,4
,,,8
,,,14
,,,4
,,,5
,,,7
,,,7
,,,4
,,,4
,,,5
,,,4
,,,5
,,,6
,,,6
,,,5
,,,5
,,,4
,,,4
,,,4
,,,4
,,,4
,,,4
,,,5
,,,5
,,,4
,,,4
,,,8
,,,5
,,,7
,,,6
,,,11
,,,5
,,,4
,,,5
,,,4
,,,4
,,,6
,,,7
,,,5
,,,5
,,,6
,,,4
,,,4
,,,4
,,,4
,,,7
,,,6
,,,4
,,,5
,,,4
,,,4
,,,12
,,,4
,,,4
,,,4
,,,7
,,,5
,,,6
,,,4
,,,5
,,,4
,,,7
,,,4
,,,4
,,,4
,,,4
,,,7
,,,4
,,,4
,,,5
,,,5
,,,4
,,,6
,,,5
,,,5
,,,5
,,,4
,,,4
,,,4
,,,4
,,,4
,,,6
,,,6
,,,5
,,,8
,,,4
,,,6
,,,7
,,,4
,,,7
,,,9
,,,8
,,,4
,,,10
,,,4
,,,6
,,,9
,,,4
,,,7
,,,4
,,,4
,,,6
,,,6
,,,4
,,,9
,,,4
,,,6
,,,4
,,,4
,,,4
,,,4
,,,4
,,,4
,,,7
,,,4
,,,6
,,,4
,,,7
,,,4
,,,4
,,,6
,,,4
,,,17
,,,5
,,,4
,,,4
,,,4
,,,6
,,,5
,,,7
,,,4
,,,4
,,,6
,,,5
,,,16
,,,4
,,,6
,,,5
,,,4
,,,4
,,,6
,,,7
,,,4
,,,7
,,,4
,,,6
,,,4
,,,12
,,,7
,,,6
,,,5
,,,4
,,,5
,,,4
,,,4
,,,4
,,,4
,,,4
,,,4
,,,6
,,,8
,,,4
,,,5
,,,4
,,,4
,,,5
,,,5
,,,5
,,,5
,,,6
,,,4
,,,5
,,,5
,,,6
,,,4
,,,4
,,,7
,,,6
,,,4
,,,5
,,,4
,,,4
,,,5
,,,4
,,,6
,,,6
,,,5
,,,4
,,,4
,,,4
,,,8
,,,4
,,,4
,,,4
,,,4
,,,6
,,,6
,,,6
,,,5
,,,8
,,,4
,,,4
,,,7
,,,6
,,,6
,,,7
,,,4
,,,6
,,,5
,,,4
,,,5
,,,4
,,,6
,,,4
,,,4
,,,6
,,,6
,,,4
,,,5
,,,7
,,,4
,,,8
,,,7
,,,6
,,,4
,,,7
,,,5
,,,4
,,,7
,,,5
,,,4
,,,4
,,,6
,,,6
,,,6
,,,6
,,,5
,,,5
,,,4
,,,4
,,,13
,,,5
,,,4
,,,4
,,,13
,,,4
,,,4
,,,6
,,,8
,,,4
,,,4
,,,4
,,,6
,,,4
,,,4
,,,5
,,,8
,,,6
,,,7
,,,5
,,,8
,,,4
,,,4
,,,6
,,,5
,,,5
,,,4
,,,7
,,,7
,,,4
,,,7
,,,6
,,,4
,,,5
,,,4
,,,4
,,,10
,,,4
,,,7
,,,8
,,,5
,,,4
,,,4
,,,4
,,,5
,,,4
,,,6
,,,4
,,,5
,,,8
,,,5
,,,8
,,,4
,,,8
,,,6
,,,5
,,,4
,,,5
,,,5
,,,6
,,,5
,,,4
,,,5
,,,4
,,,5
,,,4
,,,8
,,,6
,,,5
,,,4
,,,5
,,,4
,,,4
,,,4
,,,7
,,,7
,,,7
,,,4
,,,4
,,,4
,,,6
,,,4
,,,4
,,,7
,,,6
,,,6
,,,4
,,,4
,,,7
,,,4
,,,5
,,,7
,,,8
,,,4
,,,7
,,,4
,,,5
,,,7
,,,5
,,,10
,,,4
,,,4
,,,6
,,,4
,,,4
,,,4
,,,10
,,,6
,,,6
,,,4
,,,4
,,,4
,,,6
,,,4
,,,7
,,,11
,,,7
,,,5
,,,5
,,,4
,,,7
,,,5
,,,11
,,,4
,,,4
,,,6
,,,7
,,,4
,,,8
,,,4
,,,7
,,,5
,,,6
,,,4
,,,7
,,,4
,,,5
,,,13
,,,4
,,,6
,,,4
,,,4
,,,8
,,,4
,,,4
,,,4
,,,4
,,,6
,,,9
,,,4
,,,4
,,,4
,,,4
,,,4
,,,4
,,,4
,,,4
,,,6
,,,6
,,,8
,,,6
,,,8
,,,4
,,,4
,,,4
,,,7
,,,5
,,,4
,,,4
,,,4
,,,7
,,,6
,,,7
,,,4
,,,4
,,,5
,,,4
,,,8
,,,7
,,,10
,,,7
,,,6
,,,4
,,,8
,,,8
,,,4
,,,4
,,,4
,,,5
,,,4
,,,4
,,,7
,,,7
,,,5
,,,5
,,,7
,,,4
,,,5
,,,5
,,,4
,,,6
,,,6
,,,4
,,,4
,,,5
,,,7
,,,4
,,,6
,,,4
,,,5
,,,5
,,,4
,,,9
,,,6
,,,6
,,,6
,,,4
,,,6
,,,7
,,,4
,,,5
,,,6
,,,6
,,,7
,,,6
,,,4
,,,4
,,,4
,,,6
,,,4
,,,7
,,,6
,,,4
,,,6
,,,5
,,,4
,,,6
,,,7
,,,5
,,,4
,,,4
,,,5
,,,8
,,,4
,,,7
,,,4
,,,5
,,,7
,,,4
,,,26
,,,4
,,,5
,,,4
,,,8
,,,4
,,,4
,,,7
,,,7
,,,4
,,,4
,,,8
,,,5
,,,4
,,,6
,,,6
,,,16
,,,7
,,,6
,,,4
,,,7
,,,4
,,,6
,,,4
,,,7
,,,5
,,,4
,,,4
,,,5
,,,6
,,,5
,,,5
,,,4
,,,9
,,,4
,,,5
,,,6
,,,4
,,,5
,,,6
,,,5
,,,6
,,,4
,,,4
,,,4
,,,4
,,,6
,,,7
,,,4
,,,4
,,,4
,,,6
,,,4
,,,4
,,,6
,,,4
,,,7
,,,5
,,,4
,,,5
,,,4
,,,5
,,,4
,,,7
,,,5
,,,4
,,,4
,,,7
,,,6
,,,4
,,,4
,,,5
,,,8
,,,4
,,,5
,,,4
,,,5
,,,12
,,,7
,,,5
,,,5
,,,4
,,,4
,,,4
,,,15
,,,5
,,,8
,,,4
,,,13
,,,5
,,,4
,,,5
,,,8
,,,5
,,,6
,,,4
,,,5
,,,4
,,,6
,,,4
,,,4
,,,4
,,,6
,,,4
,,,5
,,,4
,,,4
,,,5
,,,7
,,,7
,,,5
,,,7
,,,4
,,,5
,,,6
,,,7
,,,6
,,,4
,,,7
,,,4
,,,6
,,,4
,,,6
,,,7
,,,8
,,,4
,,,4
,,,10
,,,6
,,,15
,,,4
,,,7
,,,4
,,,4
,,,5
,,,4
,,,4
,,,6
,,,6
,,,4
,,,6
,,,6
,,,4
,,,7
,,,4
,,,4
,,,5
,,,4
,,,4
,,,7
,,,4
,,,4
,,,4
,,,9
,,,4
,,,4
,,,6
,,,4
,,,4
,,,5
,,,4
,,,4
,,,4
,,,5
,,,8
,,,7
,,,5
,,,5
,,,5
,,,11
,,,6
,,,6
,,,4
,,,10
,,,4
,,,8
,,,4
,,,6
,,,5
,,,4
,,,5
,,,8
,,,5
,,,6
,,,5
,,,4
,,,5
,,,4
,,,4
,,,5
,,,4
,,,6
,,,4
,,,4
,,,5
,,,4
,,,5
,,,4
,,,4
,,,4
,,,4
,,,4
,,,6
,,,7
,,,4
,,,4
,,,4
,,,4
,,,6
,,,7
,,,6
,,,4
,,,5
,,,7
,,,4
,,,6
,,,4
,,,4
,,,4
,,,4
,,,8
,,,5
,,,4
,,,5
,,,6
,,,4
,,,6
,,,4
,,,4
,,,4
,,,4
,,,6
,,,5
,,,5
,,,5
,,,8
,,,8
,,,5
,,,6
,,,4
,,,7
,,,4
,,,4
,,,7
,,,5
,,,5
,,,6
,,,4
,,,13
,,,4
,,,4
,,,4
,,,9
,,,4
,,,4
,,,5
,,,4
,,,5
,,,5
,,,7
,,,5
,,,8
,,,4
,,,5
,,,4
,,,4
,,,4
,,,4
,,,5
,,,4
,,,5
,,,5
,,,4
,,,6
,,,4
,,,6
,,,6
,,,6
,,,5
,,,4
,,,5
,,,5
,,,4
,,,5
,,,6
,,,4
,,,5
,,,7
,,,4
,,,7
,,,4
,,,6
,,,4
,,,4
,,,4
,,,6
,,,6
,,,4
,,,5
,,,7
,,,7
,,,6
,,,4
,,,4
,,,5
,,,4
,,,4
,,,5
,,,4
,,,7
,,,5
,,,4
,,,5
,,,4
,,,6
,,,7
,,,4
,,,5
,,,5
,,,4
,,,4
,,,4
,,,6
,,,6
,,,6
,,,6
,,,4
,,,4
,,,5
,,,4
,,,7
,,,5
,,,4
,,,4
,,,5
,,,4
,,,6
,,,4
,,,4
,,,9
,,,6
,,,4
,,,5
,,,4
,,,5
,,,5
,,,4
,,,7
,,,8
,,,6
,,,5
,,,5
,,,4
,,,6
,,,6
,,,11
,,,4
,,,5
,,,7
,,,5
,,,6
,,,5
,,,5
,,,4
,,,5
,,,6
,,,5
,,,4
,,,5
,,,4
,,,4
,,,5
,,,4
,,,5
,,,4
,,,7
,,,6
,,,9
,,,5
,,,4
,,,7
,,,5
,,,5
,,,5
,,,7
,,,6
,,,4
,,,4
,,,5
,,,8
,,,5
,,,4
,,,5
,,,7
,,,6
,,,4
,,,9
,,,5
,,,6
,,,4
,,,5
,,,8
,,,8
,,,5
,,,4
,,,4
,,,4
,,,5
,,,4
,,,5
,,,5
,,,4
,,,5
,,,4
,,,7
,,,4
,,,5
,,,5
,,,4
,,,4
,,,4
,,,6
,,,5
,,,6
,,,4
,,,7
,,,4
,,,7
,,,6
,,,4
,,,5
,,,6
,,,5
,,,4
,,,7
,,,7
,,,5
,,,4
,,,4
,,,4
,,,4
,,,4
,,,4
,,,4
,,,4
,,,5
,,,4
,,,5
,,,8
,,,4
,,,7
,,,4
,,,4
,,,4
,,,5
,,,4
,,,4
,,,4
,,,7
,,,4
,,,4
,,,4
,,,4
,,,6
,,,8
,,,4
,,,4
,,,9
,,,4
,,,6
,,,4
,,,4
,,,4
,,,4
,,,4
,,,6
,,,4
,,,5
,,,4
,,,8
,,,4
,,,6
,,,5
,,,4
,,,5
,,,4
,,,5
,,,7
,,,6
,,,5
,,,9
,,,4
,,,4
,,,4
,,,4
,,,6
,,,4
,,,7
,,,4
,,,5
,,,4
,,,6
,,,6
,,,4
,,,4
,,,5
,,,5
,,,4
,,,5
,,,9
,,,12
,,,4
,,,4
,,,6
,,,4
,,,5
,,,4
,,,5
,,,8
,,,4
,,,5
,,,4
,,,4
,,,6
,,,4
,,,9
,,,4
,,,4
,,,7
,,,6
,,,5
,,,4
,,,4
,,,4
,,,5
,,,4
,,,4
,,,7
,,,4
,,,7
,,,5
,,,4
,,,8
,,,6
,,,8
,,,4
,,,4
,,,7
,,,4
,,,4
,,,4
,,,5
,,,7
,,,5
,,,4
,,,6
,,,6
,,,7
,,,4
,,,4
,,,4
,,,4
,,,4
,,,5
,,,4
,,,5
,,,9
,,,6
,,,5
,,,5
,,,4
,,,5
,,,6
,,,4
,,,5
,,,4
,,,6
,,,4
,,,4
,,,4
,,,4
,,,4
,,,4
,,,5
,,,5
,,,4
,,,4
,,,5
,,,4