stackoverflow_formatted/580426_1.java,11,21,heritrix-1/heritrix-1.14.4/src/java/org/archive/crawler/extractor/ExtractorJS.java,71,80,10
stackoverflow_formatted/2962500_0.java,4,13,findbugs-1/findbugs-1.3.9/src/java/edu/umd/cs/findbugs/ba/type/ExceptionSet.java,81,92,10
stackoverflow_formatted/8007565_0.java,10,19,hadoop-1/hadoop-1.0.0/src/test/org/apache/hadoop/hdfs/security/TestDelegationToken.java,182,192,10
stackoverflow_formatted/6642531_0.java,14,23,hadoop-1/hadoop-1.0.0/src/mapred/org/apache/hadoop/mapred/join/CompositeRecordReader.java,263,272,10
stackoverflow_formatted/14173799_1.java,11,22,c-jdbc-2/c-jdbc-2.0.2-src/src/org/objectweb/cjdbc/common/net/RMISSLServerSocketFactory.java,21,32,12
stackoverflow_formatted/5639150_0.java,3,12,hsqldb-2/hsqldb-2.0.0/hsqldb/src/org/hsqldb/test/TestSql.java,641,650,10
stackoverflow_formatted/25694838_4.java,11,20,aoisrc281/AoIsrc281/ArtOfIllusion/src/artofillusion/image/filter/ImageFilter.java,33,42,10
stackoverflow_formatted/884182_0.java,19,29,apache-ant-1.8.4/src/main/org/apache/tools/zip/ZipOutputStream.java,63,72,10
stackoverflow_formatted/9485759_1.java,34,43,findbugs-1/findbugs-1.3.9/src/java/edu/umd/cs/findbugs/ba/LockSet.java,119,128,10
stackoverflow_formatted/19701475_0.java,24,33,jgrapht-0/jgrapht-0.8.1/src/org/jgrapht/demo/JGraphAdapterDemo.java,17,26,10
stackoverflow_formatted/3646601_0.java,37,46,findbugs-1/findbugs-1.3.9/src/java/edu/umd/cs/findbugs/SourceLineAnnotation.java,533,542,10
stackoverflow_formatted/19956089_0.java,45,54,findbugs-1/findbugs-1.3.9/src/java/edu/umd/cs/findbugs/ba/obl/ObligationAnalysis.java,54,64,10
stackoverflow_formatted/11873960_1.java,3,16,hsqldb-2/hsqldb-2.0.0/hsqldb/src/org/hsqldb/types/CharacterType.java,60,73,14
stackoverflow_formatted/20120129_0.java,2,12,hadoop-1/hadoop-1.0.0/src/core/org/apache/hadoop/security/authentication/server/KerberosAuthenticationHandler.java,112,121,10
stackoverflow_formatted/13055405_0.java,71,82,Compiere_330_Source/release_330/base/src/org/compiere/model/MInventoryLine.java,226,236,11
stackoverflow_formatted/13447403_0.java,10,25,commons-collections-3/commons-collections-3.2.1-src/src/java/org/apache/commons/collections/comparators/NullComparator.java,39,52,14
stackoverflow_formatted/7080234_4.java,30,41,aoisrc281/ArtOfIllusion/src/artofillusion/script/ScriptedObjectController.java,25,34,10
stackoverflow_formatted/3846216_1.java,50,59,aoisrc281/AoIsrc281/ArtOfIllusion/src/artofillusion/math/Mat4.java,172,181,10
stackoverflow_formatted/2470493_0.java,56,65,aoisrc281/AoIsrc281/SPManager/src/artofillusion/spmanager/SPManagerFrame.java,226,235,10
stackoverflow_formatted/25049514_0.java,117,127,freecs-1/freecs-1.3.20100406/src/freecs/core/MessageRenderer.java,720,731,11
stackoverflow_formatted/18966347_0.java,39,49,c-jdbc-2/c-jdbc-2.0.2-src/src/org/objectweb/cjdbc/console/wizard/tab/VirtualDatabaseTab.java,139,149,11
stackoverflow_formatted/10269154_0.java,2,11,findbugs-1/findbugs-1.3.9/src/java/edu/umd/cs/findbugs/BugInstance.java,627,636,10
stackoverflow_formatted/8416340_0.java,5,23,findbugs-1/findbugs-1.3.9/src/antTask/edu/umd/cs/findbugs/anttask/UnionBugs.java,65,81,17
stackoverflow_formatted/17060728_0.java,52,61,cobertura-1/cobertura-1.9.4.1/test/net/sourceforge/cobertura/ant/Util.java,27,37,10
stackoverflow_formatted/15953694_0.java,57,66,Compiere_330_Source/release_330/base/src/org/compiere/model/MInOut.java,358,368,10
stackoverflow_formatted/16122928_0.java,63,73,jgraph-latest-bsd-src/examples/com/jgraph/example/adapter/JGraphAdapterExample.java,153,163,11
stackoverflow_formatted/20960798_0.java,74,83,findbugs-1/findbugs-1.3.9/src/java5/edu/umd/cs/findbugs/gui2/AnalyzingDialog.java,175,185,10
stackoverflow_formatted/14617650_0.java,67,76,freecol-0/freecol/src/net/sf/freecol/client/gui/sound/SoundPlayer.java,127,138,10
stackoverflow_formatted/11208741_0.java,32,41,Compiere_330_Source/release_330/ad/src/org/compiere/framework/PO.java,1931,1940,10
stackoverflow_formatted/7691781_0.java,55,65,freecol-0/freecol/src/net/sf/freecol/common/util/Xml.java,144,156,11
stackoverflow_formatted/5338272_0.java,33,49,findbugs-1/findbugs-1.3.9/src/java5/edu/umd/cs/findbugs/sourceViewer/NumberedViewFactory.java,15,33,17
stackoverflow_formatted/9640543_0.java,165,176,Compiere_330_Source/release_330/base/src/org/compiere/model/MOrder.java,1411,1420,10
stackoverflow_formatted/21810239_0.java,2,11,iText-src-5/src/core/com/itextpdf/text/Chunk.java,241,251,10
stackoverflow_formatted/10238216_0.java,16,27,JGroups-2/JGroups-2.10.0.GA.src/src/org/jgroups/util/ResponseCollector.java,119,132,12
stackoverflow_formatted/11384393_0.java,14,23,c-jdbc-2/c-jdbc-2.0.2-src/src/org/objectweb/cjdbc/common/sql/schema/TableColumn.java,5,14,10
stackoverflow_formatted/6931385_0.java,10,22,heritrix-1/heritrix-1.14.4/src/java/org/archive/crawler/datamodel/CrawlHost.java,59,73,13
stackoverflow_formatted/13673634_0.java,14,23,hadoop-1/hadoop-1.0.0/src/mapred/org/apache/hadoop/mapreduce/lib/output/FileOutputCommitter.java,135,144,10
stackoverflow_formatted/21899742_0.java,17,27,hadoop-1/hadoop-1.0.0/src/test/org/apache/hadoop/hdfs/TestAbandonBlock.java,36,46,11
stackoverflow_formatted/19306348_0.java,92,102,jext-sources-5/jext-src-5.0/src/lib/org/jext/gui/BundledSkinFactory.java,28,37,10
stackoverflow_formatted/3087149_5.java,29,41,columba-1/columba-1.0-src/src/columba/core/org/columba/core/gui/util/AboutDialog.java,331,344,13
stackoverflow_formatted/12733058_0.java,19,28,apache-ant-1.8.4/src/main/org/apache/tools/ant/taskdefs/optional/net/TelnetTask.java,51,60,10
stackoverflow_formatted/9863464_0.java,57,66,hadoop-1/hadoop-1.0.0/src/contrib/index/src/java/org/apache/hadoop/contrib/index/lucene/MixedDirectory.java,111,121,10
stackoverflow_formatted/6849486_0.java,20,29,freecol-0/freecol/src/net/sf/freecol/server/control/InGameInputHandler.java,552,563,10
stackoverflow_formatted/6153182_1.java,118,130,apache-ant-1.8.4/src/main/org/apache/tools/ant/taskdefs/optional/net/FTP.java,1525,1534,10
stackoverflow_formatted/8081886_0.java,19,29,Compiere_330_Source/release_330/ad/src/org/compiere/framework/PO_LOB.java,119,128,10
stackoverflow_formatted/22701846_2.java,3,13,Compiere_330_Source/release_330/ad/src/org/compiere/Compiere.java,47,56,10
stackoverflow_formatted/9834197_0.java,18,27,columba-1/columba-1.0-src/src/columba/api/org/columba/api/plugin/ExtensionMetadata.java,16,26,10
stackoverflow_formatted/11917735_0.java,23,47,hadoop-1/hadoop-1.0.0/src/contrib/eclipse-plugin/src/java/org/apache/hadoop/eclipse/server/HadoopJob.java,82,108,25
stackoverflow_formatted/14577215_0.java,36,45,jag-6/jag-6.1/src/com/finalist/jag/JApplicationGen.java,264,273,10
stackoverflow_formatted/18706865_1.java,8,17,aoisrc281/Renderers/src/artofillusion/raytracer/OctreeNode.java,404,413,10
stackoverflow_formatted/23956275_0.java,69,78,findbugs-1/findbugs-1.3.9/src/java/edu/umd/cs/findbugs/BugPattern.java,22,31,10
stackoverflow_formatted/12512931_0.java,38,47,iText-src-5/src/core/com/itextpdf/text/pdf/codec/wmf/MetaFont.java,114,123,10
stackoverflow_formatted/16817329_1.java,16,26,hsqldb-2/hsqldb-2.0.0/hsqldb/src/org/hsqldb/test/TestMerge.java,243,252,10
stackoverflow_formatted/21247344_0.java,162,172,aoisrc281/ArtOfIllusion/src/artofillusion/script/ScriptRunner.java,14,25,11
stackoverflow_formatted/16680540_0.java,5,15,findbugs-1/findbugs-1.3.9/src/java/edu/umd/cs/findbugs/ba/BlockType.java,99,109,11
stackoverflow_formatted/2529208_0.java,19,28,freecol-0/freecol/src/net/sf/freecol/server/control/InGameController.java,931,940,10
stackoverflow_formatted/10645817_0.java,29,41,heritrix-1/heritrix-1.14.4/src/java/org/archive/crawler/framework/CrawlScope.java,107,119,13
stackoverflow_formatted/13057766_0.java,117,127,hadoop-1/hadoop-1.0.0/src/tools/org/apache/hadoop/tools/rumen/HadoopLogsAnalyzer.java,1141,1151,11
stackoverflow_formatted/24639158_0.java,79,106,Compiere_330_Source/release_330/base/src/org/compiere/model/PP_Optimal.java,88,109,22
stackoverflow_formatted/13505078_1.java,28,46,apache-ant-1.8.4/src/main/org/apache/tools/ant/taskdefs/optional/SchemaValidate.java,226,245,19
stackoverflow_formatted/9722771_0.java,9,20,galleon-2/src/org/lnicholls/galleon/database/Videocast.java,198,208,11
stackoverflow_formatted/23415361_1.java,11,23,hadoop-1/hadoop-1.0.0/src/core/org/apache/hadoop/record/meta/TypeID.java,36,48,13
stackoverflow_formatted/23169361_1.java,2,11,heritrix-1/heritrix-1.14.4/src/java/org/archive/crawler/admin/StatisticsSummary.java,228,237,10
stackoverflow_formatted/5863139_0.java,5,20,c-jdbc-2/c-jdbc-2.0.2-src/src/org/objectweb/cjdbc/controller/connection/VariablePoolConnectionManager.java,223,233,11
stackoverflow_formatted/19198757_3.java,345,354,findbugs-1/findbugs-1.3.9/src/java/edu/umd/cs/findbugs/workflow/Filter.java,344,353,10
stackoverflow_formatted/12819885_0.java,20,29,hadoop-1/hadoop-1.0.0/src/test/org/apache/hadoop/io/file/tfile/TestTFileByteArrays.java,607,616,10
stackoverflow_formatted/8324482_1.java,16,25,hadoop-1/hadoop-1.0.0/src/core/org/apache/hadoop/record/Record.java,27,36,10
stackoverflow_formatted/8276664_0.java,120,151,iText-src-5/src/core/com/itextpdf/text/pdf/ICC_Profile.java,84,110,27
stackoverflow_formatted/3378450_0.java,42,63,aoisrc281/AoIsrc281/ArtOfIllusion/src/artofillusion/animation/distortion/SkeletonShapeDistortion.java,18,39,22
stackoverflow_formatted/11040103_1.java,35,44,galleon-2/src/org/lnicholls/galleon/gui/FileOptionsTable.java,153,162,10
stackoverflow_formatted/18201786_0.java,5,14,displaytag-1/displaytag-1.2/displaytag/src/main/java/org/displaytag/tags/el/ELCaptionTag.java,62,71,10
stackoverflow_formatted/18425769_0.java,7,16,hadoop-1/hadoop-1.0.0/src/tools/org/apache/hadoop/tools/rumen/ParsedHost.java,14,24,10
stackoverflow_formatted/23456826_0.java,32,41,findbugs-1/findbugs-1.3.9/src/java5/edu/umd/cs/findbugs/gui2/AboutDialog.java,49,58,10
stackoverflow_formatted/10650434_0.java,62,71,apache-ant-1.8.4/src/main/org/apache/tools/ant/taskdefs/optional/junit/JUnitTask.java,657,666,10
stackoverflow_formatted/18706865_2.java,23,32,aoisrc281/AoIsrc281/Renderers/src/artofillusion/raytracer/OctreeNode.java,404,413,10
stackoverflow_formatted/4872150_0.java,5,16,FitLibrary20100806/fitnesse/lib/src/fitlibrarySrc/fit/Parse.java,132,144,12
stackoverflow_formatted/13037771_1.java,50,59,aoisrc281/ArtOfIllusion/src/artofillusion/object/TriangleMesh.java,2259,2268,10
stackoverflow_formatted/21467966_0.java,9,18,aoisrc281/AoIsrc281/Translators/src/artofillusion/translators/OBJImporter.java,536,545,10
stackoverflow_formatted/13098986_2.java,42,51,columba-1/columba-1.0-src/src/columba/core/org/columba/core/gui/dialog/ErrorDialog.java,128,137,10
stackoverflow_formatted/4183107_0.java,9,18,hadoop-1/hadoop-1.0.0/src/test/org/apache/hadoop/mapred/MiniMRCluster.java,79,88,10
stackoverflow_formatted/23301219_0.java,34,43,heritrix-1/heritrix-1.14.4/src/java/org/archive/crawler/util/BenchmarkUriUniqFilters.java,61,70,10
stackoverflow_formatted/17515714_0.java,12,23,FitLibrary20100806/fitnesse/lib/src/fitlibrarySrc/fitlibrary/batch/resultsOut/FolderTestResultRepository.java,55,65,11
stackoverflow_formatted/14969427_0.java,10,19,hadoop-1/hadoop-1.0.0/src/test/system/java/org/apache/hadoop/mapred/TTTaskInfoImpl.java,19,28,10
stackoverflow_formatted/4615895_0.java,63,88,apache-ant-1.8.4/src/tests/junit/org/apache/tools/mail/MailMessageTest.java,438,468,26
stackoverflow_formatted/18676816_0.java,17,26,hadoop-1/hadoop-1.0.0/src/core/org/apache/hadoop/fs/InMemoryFileSystem.java,153,162,10
stackoverflow_formatted/17790973_2.java,5,14,apache-ant-1.8.4/src/main/org/apache/tools/ant/taskdefs/ExecuteWatchdog.java,36,45,10
stackoverflow_formatted/25560938_0.java,35,45,apache-ant-1.8.4/src/tests/junit/org/apache/tools/ant/types/selectors/ContainsRegexpTest.java,15,24,10
stackoverflow_formatted/20186099_0.java,19,28,aoisrc281/ArtOfIllusion/src/artofillusion/animation/distortion/ShatterTrack.java,36,51,10
stackoverflow_formatted/11590083_0.java,20,31,hadoop-1/hadoop-1.0.0/src/test/org/apache/hadoop/tools/rumen/TestRumenJobTraces.java,309,318,10
stackoverflow_formatted/21828551_0.java,15,24,apache-ant-1.8.4/src/tests/junit/org/apache/tools/ant/taskdefs/optional/ssh/ScpTest.java,84,93,10
stackoverflow_formatted/10402909_0.java,41,55,findbugs-1/findbugs-1.3.9/src/java/edu/umd/cs/findbugs/ba/CheckReturnValueAnnotation.java,26,40,15
stackoverflow_formatted/10519976_0.java,4,13,aoisrc281/AoIsrc281/ArtOfIllusion/src/artofillusion/procedural/ProcedureEditor.java,478,487,10
stackoverflow_formatted/11208913_0.java,82,91,c-jdbc-2/c-jdbc-2.0.2-src/src/org/objectweb/cjdbc/console/wizard/tab/BackendTab.java,326,335,10
stackoverflow_formatted/10546466_0.java,2,13,hsqldb-2/hsqldb-2.0.0/hsqldb/src/org/hsqldb/SchemaManager.java,29,38,10
stackoverflow_formatted/18271181_1.java,28,37,Compiere_330_Source/release_330/base/src/org/compiere/process/ReplicationLocal.java,388,400,10
stackoverflow_formatted/2537117_1.java,22,34,hsqldb-2/hsqldb-2.0.0/hsqldb/src/org/hsqldb/index/IndexAVL.java,192,205,13
stackoverflow_formatted/4727745_0.java,36,45,aoisrc281/ArtOfIllusion/src/artofillusion/ui/ThemeManager.java,534,544,10
stackoverflow_formatted/22737947_0.java,30,39,findbugs-1/findbugs-1.3.9/src/java/edu/umd/cs/findbugs/ba/npe/IsNullValueAnalysis.java,261,270,10
stackoverflow_formatted/1686935_0.java,62,71,apache-ant-1.8.4/src/tests/junit/org/apache/tools/ant/BuildFileTest.java,112,121,10
stackoverflow_formatted/9832891_0.java,35,46,heritrix-1/heritrix-1.14.4/src/java/org/archive/util/JndiUtils.java,17,26,10
stackoverflow_formatted/15858101_1.java,21,31,apache-ant-1.8.4/src/tests/junit/org/apache/tools/ant/types/PermissionsTest.java,65,74,10
stackoverflow_formatted/5043957_0.java,41,53,hadoop-1/hadoop-1.0.0/src/hdfs/org/apache/hadoop/hdfs/server/common/Storage.java,491,500,10
stackoverflow_formatted/14016914_0.java,92,101,hsqldb-2/hsqldb-2.0.0/hsqldb/src/org/hsqldb/persist/DataFileCache.java,693,703,10
stackoverflow_formatted/16333941_0.java,31,40,findbugs-1/findbugs-1.3.9/src/java/edu/umd/cs/findbugs/ba/IncompatibleTypes.java,228,237,10
stackoverflow_formatted/10907832_0.java,5,14,c-jdbc-2/c-jdbc-2.0.2-src/src/org/objectweb/cjdbc/controller/recoverylog/events/StoreDumpCheckpointEvent.java,15,26,10
stackoverflow_formatted/16374985_0.java,100,111,antlr4-4.0/runtime/Java/src/org/antlr/v4/runtime/atn/PredictionMode.java,31,43,12
stackoverflow_formatted/2475888_0.java,3,12,hsqldb-2/hsqldb-2.0.0/hsqldb/src/org/hsqldb/test/TestStressInsert.java,109,118,10
stackoverflow_formatted/15459865_0.java,26,35,c-jdbc-2/c-jdbc-2.0.2-src/src/org/objectweb/cjdbc/controller/virtualdatabase/ControllerResultSet.java,255,268,10
stackoverflow_formatted/13754867_5.java,20,32,hadoop-1/hadoop-1.0.0/src/core/org/apache/hadoop/security/authorize/AccessControlList.java,158,170,13
stackoverflow_formatted/6346715_0.java,86,95,findbugs-1/findbugs-1.3.9/src/java/edu/umd/cs/findbugs/gui/FindBugsFrame.java,2007,2016,10
stackoverflow_formatted/17509234_0.java,10,19,c-jdbc-2/c-jdbc-2.0.2-src/src/org/objectweb/cjdbc/controller/core/ControllerWorkerThread.java,166,176,10
stackoverflow_formatted/10570645_0.java,15,24,apache-ant-1.8.4/src/main/org/apache/tools/ant/taskdefs/Property.java,310,320,10
stackoverflow_formatted/24430415_0.java,85,94,findbugs-1/findbugs-1.3.9/src/java/edu/umd/cs/findbugs/ba/type/ThrownException.java,27,36,10
stackoverflow_formatted/16732431_0.java,11,24,Compiere_330_Source/release_330/base/src/org/compiere/model/MProductPricing.java,10,19,10
stackoverflow_formatted/15095000_0.java,21,36,hadoop-1/hadoop-1.0.0/src/core/org/apache/hadoop/io/file/tfile/TFile.java,371,389,16
stackoverflow_formatted/8996292_0.java,92,101,c-jdbc-2/c-jdbc-2.0.2-src/src/org/objectweb/cjdbc/controller/jmx/HttpAdaptor.java,65,74,10
stackoverflow_formatted/2696069_0.java,145,154,jext-sources-5/jext-src-5.0/src/plugins/Java/ClassBrowser.java,30,39,10
stackoverflow_formatted/12487733_0.java,113,125,apache-ant-1.8.4/src/main/org/apache/tools/ant/taskdefs/optional/extension/JarLibManifestTask.java,81,95,13
stackoverflow_formatted/14448450_0.java,76,85,apache-ant-1.8.4/src/main/org/apache/tools/ant/taskdefs/PumpStreamHandler.java,58,70,10
stackoverflow_formatted/25787236_0.java,19,28,hadoop-1/hadoop-1.0.0/src/contrib/thriftfs/gen-java/org/apache/hadoop/thriftfs/api/ThriftHadoopFileSystem.java,4801,4811,10
stackoverflow_formatted/15185345_0.java,21,33,Compiere_330_Source/release_330/ad/src/org/compiere/util/CachedRowSetImpl.java,512,525,13
stackoverflow_formatted/8063550_0.java,9,18,Compiere_330_Source/release_330/ad/src/org/compiere/util/CMemoryUsage.java,46,56,10
stackoverflow_formatted/2469986_0.java,2,12,hadoop-1/hadoop-1.0.0/src/contrib/streaming/src/java/org/apache/hadoop/streaming/StreamJob.java,87,96,10
stackoverflow_formatted/23537742_0.java,158,167,Compiere_330_Source/release_330/ad/src/org/compiere/util/MiniBrowser.java,11,20,10
stackoverflow_formatted/7691963_0.java,19,28,apache-ant-1.8.4/src/tests/junit/org/apache/tools/ant/taskdefs/FailTest.java,35,44,10
stackoverflow_formatted/713926_0.java,14,23,displaytag-1/displaytag-1.2/displaytag-portlet/src/main/java/org/displaytag/portlet/PortletHref.java,199,212,10
stackoverflow_formatted/6722760_1.java,13,37,jgraph-latest-bsd-src/examples/org/jgraph/example/HelloWorld.java,14,37,24
stackoverflow_formatted/22583073_0.java,194,208,Compiere_330_Source/release_330/ad/src/org/compiere/model/MElementValue.java,57,66,10
stackoverflow_formatted/15182886_1.java,7,21,antlr4-4.0/runtime/Java/src/org/antlr/v4/runtime/misc/FlexibleHashMap.java,242,255,14
stackoverflow_formatted/8345170_2.java,33,43,hadoop-1/hadoop-1.0.0/src/contrib/eclipse-plugin/src/java/org/apache/hadoop/eclipse/actions/DFSActionImpl.java,161,170,10
stackoverflow_formatted/18679823_0.java,12,21,jgraph-latest-bsd-src/examples/com/jgraph/example/GraphEdX.java,228,237,10
stackoverflow_formatted/21812442_0.java,3,12,aoisrc281/ArtOfIllusion/src/artofillusion/TriMeshEditorWindow.java,630,639,10
stackoverflow_formatted/13219118_0.java,12,27,Compiere_330_Source/release_330/ad/src/org/compiere/translate/AmtInWords_EN.java,49,64,16
stackoverflow_formatted/22707718_0.java,3,12,hsqldb-2/hsqldb-2.0.0/hsqldb/src/org/hsqldb/server/WebServerConnection.java,141,150,10
stackoverflow_formatted/23650692_0.java,6,15,heritrix-1/heritrix-1.14.4/src/java/org/archive/crawler/admin/ui/JobConfigureUtils.java,121,130,10
stackoverflow_formatted/13194411_0.java,12,22,antlr4-4.0/runtime/Java/src/org/antlr/v4/runtime/dfa/DFAState.java,70,80,11
stackoverflow_formatted/11586449_0.java,7,18,hadoop-1/hadoop-1.0.0/src/contrib/streaming/src/java/org/apache/hadoop/streaming/StreamUtil.java,71,84,12
stackoverflow_formatted/152593_1.java,24,33,hadoop-1/hadoop-1.0.0/src/test/org/apache/hadoop/mapred/TestMiniMRDFSCaching.java,34,44,10
stackoverflow_formatted/3022314_0.java,34,44,freecol-0/freecol/src/net/sf/freecol/common/model/Feature.java,70,80,11
stackoverflow_formatted/8743782_0.java,3,14,JGroups-2/JGroups-2.10.0.GA.src/tests/junit/org/jgroups/blocks/RpcDispatcherSerializationTest.java,37,50,12
stackoverflow_formatted/2225480_0.java,8,24,FitLibrary20100806/fitnesse/lib/src/fitlibrarySrc/fit/TypeAdapterTest.java,71,86,16
stackoverflow_formatted/5999389_0.java,24,33,galleon-2/src/org/lnicholls/galleon/app/AppManager.java,134,143,10
stackoverflow_formatted/5685113_1.java,18,30,aoisrc281/ArtOfIllusion/src/artofillusion/procedural/JitterModule.java,149,161,13
stackoverflow_formatted/585536_0.java,86,96,hadoop-1/hadoop-1.0.0/src/mapred/org/apache/hadoop/mapred/lib/CombineFileInputFormat.java,369,378,10
stackoverflow_formatted/7567436_0.java,56,65,columba-1/columba-1.0-src/src/addressbook/core/org/columba/addressbook/gui/SelectAddressDialog.java,319,328,10
stackoverflow_formatted/24475366_0.java,26,35,columba-1/columba-1.0-src/src/mail/core/org/columba/mail/spellcheck/cswilly/Result.java,39,50,10
stackoverflow_formatted/3971017_0.java,38,54,freecs-1/freecs-1.3.20100406/src/freecs/util/logger/LogFile.java,171,182,12
stackoverflow_formatted/9623100_1.java,19,28,apache-ant-1.8.4/src/main/org/apache/tools/ant/taskdefs/Javadoc.java,982,991,10
stackoverflow_formatted/20678902_2.java,3,12,findbugs-1/findbugs-1.3.9/src/java/edu/umd/cs/findbugs/detect/FindOpenStream.java,217,227,10
stackoverflow_formatted/14276466_2.java,218,227,Compiere_330_Source/release_330/base/src/org/compiere/wf/MWFActivity.java,1089,1098,10
stackoverflow_formatted/23288976_1.java,5,14,freecol-0/freecol/src/net/sf/freecol/common/util/Introspector.java,41,52,10
stackoverflow_formatted/2307407_0.java,31,41,axion-1.0-M2-src/axion-1.0-M2/src/org/axiondb/engine/DiskSystemTable.java,74,84,11
stackoverflow_formatted/11585615_0.java,21,30,apache-ant-1.8.4/src/main/org/apache/tools/ant/types/resources/Archives.java,71,80,10
stackoverflow_formatted/23795304_1.java,189,200,jgraphpad-5/jgraphpad-5.10.0.2-src/src/org/microplatform/loaders/LocaleChangeAdapter.java,194,205,12
stackoverflow_formatted/13166879_0.java,130,140,apache-ant-1.8.4/src/main/org/apache/tools/ant/util/FileUtils.java,611,620,10
stackoverflow_formatted/25465723_0.java,26,38,findbugs-1/findbugs-1.3.9/src/java5/edu/umd/cs/findbugs/gui2/FilterMatcher.java,85,96,12
stackoverflow_formatted/17605299_1.java,34,43,columba-1/columba-1.0-src/src/columba/core/org/columba/core/filter/FilterCriteria.java,36,45,10
stackoverflow_formatted/3380175_0.java,39,48,apache-ant-1.8.4/src/tests/junit/org/apache/tools/ant/taskdefs/optional/image/ImageTest.java,60,71,10
stackoverflow_formatted/18193348_0.java,77,98,cobertura-1/cobertura-1.9.4.1/src/net/sourceforge/cobertura/util/CommandLineBuilder.java,53,76,22
stackoverflow_formatted/1004772_1.java,32,46,columba-1/columba-1.0-src/src/mail/core/org/columba/mail/folder/command/SaveMessageSourceAsCommand.java,74,85,12
stackoverflow_formatted/11867662_1.java,21,30,hsqldb-2/hsqldb-2.0.0/hsqldb/src/org/hsqldb/test/TestMultipleConnections.java,32,41,10
stackoverflow_formatted/23017200_0.java,7,16,findbugs-1/findbugs-1.3.9/src/java/edu/umd/cs/findbugs/ba/CFG.java,114,123,10
stackoverflow_formatted/12105090_0.java,9,20,Compiere_330_Source/release_330/base/src/org/compiere/util/ASyncWorker.java,24,36,12
stackoverflow_formatted/10869604_0.java,6,15,Compiere_330_Source/release_330/base/src/org/compiere/model/MProjectLine.java,214,226,10
stackoverflow_formatted/3343359_2.java,21,31,iText-src-5/src/core/com/itextpdf/text/pdf/codec/Base64.java,431,441,11
stackoverflow_formatted/17035624_1.java,30,39,apache-ant-1.8.4/src/main/org/apache/tools/ant/types/Description.java,59,68,10
stackoverflow_formatted/14673198_1.java,4,13,columba-1/columba-1.0-src/src/columba/core/org/columba/core/io/StreamUtils.java,13,22,10
stackoverflow_formatted/1891487_0.java,18,34,hadoop-1/hadoop-1.0.0/src/core/org/apache/hadoop/net/SocketIOWithTimeout.java,126,144,17
stackoverflow_formatted/20847152_0.java,8,17,Compiere_330_Source/release_330/common/src/org/compiere/util/ValueNamePair.java,22,32,10
stackoverflow_formatted/11169391_0.java,17,26,heritrix-1/heritrix-1.14.4/src/java/org/archive/crawler/util/LogReader.java,184,199,10
stackoverflow_formatted/92962_0.java,22,61,jgraphpad-5/jgraphpad-5.10.0.2-src/src/org/jgraph/pad/graphcellsbase/JGraphSwimlaneView.java,93,132,40
stackoverflow_formatted/15858101_0.java,6,15,aoisrc281/ArtOfIllusion/src/artofillusion/image/MovieEncoder.java,54,63,10
stackoverflow_formatted/13435398_0.java,95,114,findbugs-1/findbugs-1.3.9/src/java/edu/umd/cs/findbugs/filter/Filter.java,40,59,20
stackoverflow_formatted/16632893_0.java,2,12,jgrapht-0/jgrapht-0.8.1/src/org/jgrapht/experimental/equivalence/EquivalenceSetCreator.java,89,99,11
stackoverflow_formatted/10207528_0.java,12,21,Compiere_330_Source/release_330/webCM/src/main/servlet/org/compiere/cm/xml/Generator.java,436,445,10
stackoverflow_formatted/19416818_0.java,2,17,aoisrc281/ArtOfIllusion/src/artofillusion/ui/ObjectTreeElement.java,29,44,16
stackoverflow_formatted/17640318_0.java,31,40,aoisrc281/ArtOfIllusion/src/artofillusion/procedural/GridModule.java,138,147,10
stackoverflow_formatted/22314620_0.java,96,105,apache-ant-1.8.4/src/main/org/apache/tools/ant/taskdefs/optional/testing/Funtest.java,171,180,10
stackoverflow_formatted/3814408_2.java,13,22,Compiere_330_Source/release_330/base/src/org/compiere/esb/GwtServer.java,922,931,10
stackoverflow_formatted/12301173_0.java,62,73,columba-1/columba-1.0-src/src/mail/core/org/columba/mail/gui/composer/HeaderController.java,128,137,10
stackoverflow_formatted/3325945_1.java,2,12,aoisrc281/AoIsrc281/ArtOfIllusion/src/artofillusion/ui/ThemeManager.java,534,544,11
stackoverflow_formatted/22393642_0.java,53,65,hadoop-1/hadoop-1.0.0/src/core/org/apache/hadoop/record/meta/FieldTypeInfo.java,21,33,13
stackoverflow_formatted/23699725_0.java,69,83,galleon-2/src/org/lnicholls/galleon/apps/videocasting/VideocastingConfiguration.java,30,44,15
stackoverflow_formatted/3357300_0.java,8,20,hadoop-1/hadoop-1.0.0/src/tools/org/apache/hadoop/tools/rumen/Node.java,61,73,13
stackoverflow_formatted/12219623_0.java,131,145,aoisrc281/SPManager/src/artofillusion/spmanager/SPMSetupFrame.java,117,126,10
stackoverflow_formatted/19415257_1.java,11,20,columba-1/columba-1.0-src/src/mail/test/org/columba/mail/folder/IMAPTstFactory.java,24,33,10
stackoverflow_formatted/19173374_0.java,16,26,c-jdbc-2/c-jdbc-2.0.2-src/src/org/objectweb/cjdbc/controller/loadbalancer/AbstractLoadBalancer.java,60,70,11
stackoverflow_formatted/22362171_0.java,21,36,Compiere_330_Source/release_330/base/src/org/compiere/model/MPayment.java,1933,1942,10
stackoverflow_formatted/25776609_1.java,19,28,findbugs-1/findbugs-1.3.9/src/java/edu/umd/cs/findbugs/ba/npe/IsNullValueFrame.java,34,43,10
stackoverflow_formatted/17160895_0.java,34,44,freecol-0/freecol/src/net/sf/freecol/common/model/UnitTypeChange.java,85,95,11
stackoverflow_formatted/19088891_0.java,31,41,columba-1/columba-1.0-src/src/columba/core/org/columba/core/main/ColumbaClient.java,46,56,11
stackoverflow_formatted/25484068_0.java,41,50,findbugs-1/findbugs-1.3.9/src/java/edu/umd/cs/findbugs/detect/InvalidJUnitTest.java,95,105,10
stackoverflow_formatted/8556935_0.java,64,76,heritrix-1/heritrix-1.14.4/src/java/org/archive/crawler/Heritrix.java,254,267,13
stackoverflow_formatted/6446788_4.java,14,23,apache-ant-1.8.4/src/main/org/apache/tools/ant/Project.java,300,309,10
stackoverflow_formatted/14165567_1.java,9,20,columba-1/columba-1.0-src/src/columba/core/org/columba/core/base/StreamThread.java,17,29,12
stackoverflow_formatted/18222937_1.java,10,19,antlr4-4.0/runtime/Java/src/org/antlr/v4/runtime/misc/Array2DHashSet.java,276,285,10
stackoverflow_formatted/2751896_0.java,13,22,hadoop-1/hadoop-1.0.0/src/test/system/java/org/apache/hadoop/test/system/process/HadoopDaemonRemoteCluster.java,91,100,10
stackoverflow_formatted/8092927_0.java,9,19,apache-ant-1.8.4/src/tests/junit/org/apache/tools/ant/taskdefs/optional/XmlValidateTest.java,35,49,11
stackoverflow_formatted/21716096_0.java,129,138,apache-ant-1.8.4/src/main/org/apache/tools/ant/taskdefs/optional/junit/XMLJUnitResultFormatter.java,95,105,10
stackoverflow_formatted/20489474_0.java,112,121,freecol-0/freecol/src/net/sf/freecol/client/gui/action/MoveAction.java,22,31,10
stackoverflow_formatted/8621919_0.java,110,119,FitLibrary20100806/fitnesse/lib/src/fitlibrarySrc/fitlibrary/closure/LookupClosureStandard.java,28,37,10
stackoverflow_formatted/5715677_0.java,3,12,commons-collections-3/commons-collections-3.2.1-src/src/test/org/apache/commons/collections/comparators/TestNullComparator.java,45,54,10
stackoverflow_formatted/22881978_0.java,18,27,javacc-5/javacc/examples/GUIParsing/TokenMgrVersion/Main.java,2,11,10
stackoverflow_formatted/17175043_1.java,2,14,findbugs-1/findbugs-1.3.9/src/java5/edu/umd/cs/findbugs/gui2/SourceDirectoryWizard.java,141,151,11
stackoverflow_formatted/1040821_0.java,5,14,hadoop-1/hadoop-1.0.0/src/test/org/apache/hadoop/mapred/lib/TestMultipleOutputs.java,89,101,10
stackoverflow_formatted/8795266_0.java,12,21,hadoop-1/hadoop-1.0.0/src/mapred/org/apache/hadoop/mapred/TaskReport.java,36,45,10
stackoverflow_formatted/15408066_0.java,73,91,hadoop-1/hadoop-1.0.0/src/core/org/apache/hadoop/metrics2/Metric.java,22,40,19
stackoverflow_formatted/11443501_1.java,12,21,hadoop-1/hadoop-1.0.0/src/test/org/apache/hadoop/mapred/ClusterWithLinuxTaskController.java,292,301,10
stackoverflow_formatted/14535189_0.java,31,41,apache-ant-1.8.4/src/tests/junit/org/apache/tools/ant/taskdefs/JarTest.java,183,192,10
stackoverflow_formatted/12463954_0.java,62,75,hadoop-1/hadoop-1.0.0/src/mapred/org/apache/hadoop/mapred/TaskGraphServlet.java,150,164,14
stackoverflow_formatted/1520960_0.java,3,12,aoisrc281/AoIsrc281/ArtOfIllusion/src/artofillusion/animation/ArrayKeyframe.java,48,58,10
stackoverflow_formatted/15427046_0.java,2,11,freecol-0/freecol/src/net/sf/freecol/server/ai/ColonyPlan.java,155,164,10
stackoverflow_formatted/10669623_0.java,8,17,apache-ant-1.8.4/src/main/org/apache/tools/ant/taskdefs/Exec.java,144,153,10
stackoverflow_formatted/4694155_0.java,10,19,apache-ant-1.8.4/src/main/org/apache/tools/ant/taskdefs/SQLExec.java,374,383,10
stackoverflow_formatted/7624649_0.java,13,22,commons-collections-3/commons-collections-3.2.1-src/src/java/org/apache/commons/collections/map/StaticBucketMap.java,167,176,10
stackoverflow_formatted/12120288_1.java,76,85,FitLibrary20100806/fitnesse/lib/src/fitlibrarySrc/fitlibrary/traverse/function/RuleTable.java,106,115,10
stackoverflow_formatted/10277239_0.java,4,14,JGroups-2/JGroups-2.10.0.GA.src/src/org/jgroups/blocks/DistributedQueue.java,215,225,11
stackoverflow_formatted/1795323_0.java,31,42,Compiere_330_Source/release_330/client/Src/org/compiere/pos/PosKeyboardFocusManager.java,14,23,10
stackoverflow_formatted/23198842_1.java,25,37,colt-1/colt/src/cern/colt/matrix/DoubleMatrix2D.java,112,123,12
stackoverflow_formatted/19563871_0.java,44,65,iText-src-5/src/core/com/itextpdf/text/xml/xmp/XmpSchema.java,46,66,21
stackoverflow_formatted/5806592_1.java,42,56,Compiere_330_Source/release_330/serverRoot/src/main/server/org/compiere/server/EMailProcessor.java,146,156,11
stackoverflow_formatted/24697277_0.java,21,30,hsqldb-2/hsqldb-2.0.0/hsqldb/src/org/hsqldb/util/DatabaseManager.java,113,124,10
stackoverflow_formatted/24542945_0.java,29,39,columba-1/columba-1.0-src/src/mail/core/org/columba/mail/mailchecking/AbstractMailCheckingAction.java,48,57,10
stackoverflow_formatted/17762426_1.java,54,65,Compiere_330_Source/release_330/base/src/org/compiere/report/FinReportPeriod.java,37,48,12
stackoverflow_formatted/4966157_0.java,16,25,Compiere_330_Source/release_330/print/src/org/compiere/print/ReportEngine.java,1132,1141,10
stackoverflow_formatted/16448526_0.java,5,14,Compiere_330_Source/release_330/serverRoot/src/main/server/org/compiere/acct/FactLine.java,416,425,10
stackoverflow_formatted/8904022_0.java,32,41,JGroups-2/JGroups-2.10.0.GA.src/tests/junit/org/jgroups/tests/FlushCloseOpenTest.java,86,95,10
stackoverflow_formatted/12791605_3.java,2,13,heritrix-1/heritrix-1.14.4/src/java/org/apache/commons/pool/impl/GenericObjectPool.java,443,452,10
stackoverflow_formatted/7175553_0.java,11,23,hadoop-1/hadoop-1.0.0/src/hdfs/org/apache/hadoop/hdfs/server/namenode/Host2NodesMap.java,16,25,10
stackoverflow_formatted/24580143_0.java,10,19,hadoop-1/hadoop-1.0.0/src/hdfs/org/apache/hadoop/hdfs/server/namenode/JspHelper.java,500,509,10
stackoverflow_formatted/19308122_0.java,75,84,columba-1/columba-1.0-src/src/mail/core/org/columba/mail/folderoptions/FolderOptionsController.java,18,27,10
stackoverflow_formatted/19621469_0.java,14,24,aoisrc281/AoIsrc281/ArtOfIllusion/src/artofillusion/object/SceneCamera.java,362,374,11
stackoverflow_formatted/23923484_0.java,41,52,commons-collections-3/commons-collections-3.2.1-src/src/java/org/apache/commons/collections/iterators/FilterIterator.java,60,70,11
stackoverflow_formatted/15895129_0.java,25,40,Compiere_330_Source/release_330/serverRoot/src/main/ejb/org/compiere/session/ServerBean.java,277,293,16
stackoverflow_formatted/24206165_1.java,100,109,james-2/src/java/org/apache/james/pop3server/POP3Handler.java,513,522,10
stackoverflow_formatted/25465024_0.java,21,30,JGroups-2/JGroups-2.10.0.GA.src/src/org/jgroups/blocks/ReplicatedHashMap.java,91,100,10
stackoverflow_formatted/16644873_0.java,15,26,aoisrc281/AoIsrc281/HelpPlugin/src/WebTextPane.java,136,148,12
stackoverflow_formatted/23438633_0.java,8,17,apache-ant-1.8.4/src/main/org/apache/tools/ant/taskdefs/optional/TraXLiaison.java,186,195,10
stackoverflow_formatted/10026804_0.java,28,37,hadoop-1/hadoop-1.0.0/src/mapred/org/apache/hadoop/mapred/MapTask.java,1006,1017,10
stackoverflow_formatted/15519652_0.java,22,31,apache-ant-1.8.4/src/main/org/apache/tools/ant/taskdefs/optional/ssh/Directory.java,54,63,10
stackoverflow_formatted/22181142_0.java,12,21,freecol-0/freecol/src/net/sf/freecol/server/model/ServerBuilding.java,65,75,10
stackoverflow_formatted/15915000_1.java,34,43,axion-1.0-M2-src/axion-1.0-M2/src/org/axiondb/engine/IntBTreeIndex.java,129,138,10
stackoverflow_formatted/12999307_0.java,4,13,hadoop-1/hadoop-1.0.0/src/mapred/org/apache/hadoop/mapred/TaskTracker.java,1243,1253,10
stackoverflow_formatted/20566912_1.java,7,19,htmlunit-2/htmlunit-2.8/src/main/java/com/gargoylesoftware/htmlunit/javascript/host/StorageImpl.java,65,76,12
stackoverflow_formatted/18424471_1.java,39,49,freecol-0/freecol/test/src/net/sf/freecol/server/generator/MapGeneratorTest.java,144,153,10
stackoverflow_formatted/10870918_0.java,13,23,apache-ant-1.8.4/src/main/org/apache/tools/ant/taskdefs/optional/net/FTPTaskMirrorImpl.java,1265,1274,10
stackoverflow_formatted/5498898_0.java,90,101,aoisrc281/AoIsrc281/ArtOfIllusion/src/artofillusion/object/SpotLight.java,138,148,11
stackoverflow_formatted/14149535_0.java,57,66,c-jdbc-2/c-jdbc-2.0.2-src/src/org/objectweb/cjdbc/controller/requestmanager/distributed/DistributedRequestManager.java,148,158,10
stackoverflow_formatted/16644792_0.java,9,19,freecol-0/freecol/src/net/sf/freecol/common/model/FeatureContainer.java,42,52,11
stackoverflow_formatted/12657712_0.java,88,97,freecol-0/freecol/src/net/sf/freecol/client/gui/i18n/Messages.java,60,69,10
stackoverflow_formatted/2353795_0.java,34,43,iText-src-5/src/core/com/itextpdf/text/pdf/RandomAccessFileOrArray.java,93,102,10
stackoverflow_formatted/7616206_0.java,37,49,hadoop-1/hadoop-1.0.0/src/tools/org/apache/hadoop/tools/rumen/TaskAttemptFinishedEvent.java,18,27,10
stackoverflow_formatted/18241178_0.java,25,34,findbugs-1/findbugs-1.3.9/src/java/edu/umd/cs/findbugs/filter/OrMatcher.java,7,16,10
stackoverflow_formatted/4499595_0.java,3,12,freecol-0/freecol/src/net/sf/freecol/server/ai/AIInGameInputHandler.java,248,258,10
stackoverflow_formatted/14796607_0.java,93,103,aoisrc281/Translators/src/artofillusion/translators/TextureImageExporter.java,22,31,10
stackoverflow_formatted/18977393_0.java,15,28,columba-1/columba-1.0-src/src/columba/core/org/columba/core/base/IPCHelper.java,58,70,13
stackoverflow_formatted/10771616_1.java,7,20,hadoop-1/hadoop-1.0.0/src/test/org/apache/hadoop/hdfs/AppendTestUtil.java,140,152,13
stackoverflow_formatted/8199584_0.java,152,166,jext-sources-5/jext-src-5.0/src/lib/org/jext/JextTextArea.java,116,128,13
stackoverflow_formatted/4395994_1.java,6,15,htmlunit-2/htmlunit-2.8/src/test/java/com/gargoylesoftware/htmlunit/html/DomTextTest.java,148,157,10
stackoverflow_formatted/25501095_1.java,30,43,Compiere_330_Source/release_330/serverRoot/src/main/server/org/compiere/acct/Doc.java,381,396,14
stackoverflow_formatted/17359720_0.java,79,88,aoisrc281/SPManager/src/artofillusion/spmanager/SPManagerFrame.java,226,235,10
stackoverflow_formatted/12252438_0.java,6,15,Compiere_330_Source/release_330/print/src/org/compiere/print/CPaper.java,128,138,10
stackoverflow_formatted/12433140_0.java,58,68,displaytag-1/displaytag-1.2/displaytag/src/main/java/org/displaytag/util/MultipleHtmlAttribute.java,24,34,11
stackoverflow_formatted/22282414_0.java,3,12,hadoop-1/hadoop-1.0.0/src/contrib/eclipse-plugin/src/java/org/apache/hadoop/eclipse/ImageLibrary.java,25,34,10
stackoverflow_formatted/4931148_0.java,10,19,aoisrc281/AoIsrc281/ArtOfIllusion/src/artofillusion/procedural/ExprModule.java,194,214,10
stackoverflow_formatted/8197126_0.java,7,17,displaytag-1/displaytag-1.2/displaytag/src/test/java/com/meterware/servletunit/ServletUnitHttpRequest.java,234,244,11
stackoverflow_formatted/7966498_0.java,20,29,hadoop-1/hadoop-1.0.0/src/core/org/apache/hadoop/security/token/Token.java,133,142,10
stackoverflow_formatted/18265062_0.java,21,30,freecs-1/freecs-1.3.20100406/src/freecs/core/UserManager.java,363,372,10
stackoverflow_formatted/22098501_1.java,2,11,Compiere_330_Source/release_330/ad/src/org/compiere/plaf/CompiereBorders.java,62,71,10
stackoverflow_formatted/12040310_0.java,65,78,aoisrc281/HelpPlugin/src/WebTextPane.java,136,148,13
stackoverflow_formatted/18292479_0.java,12,21,hadoop-1/hadoop-1.0.0/src/hdfs/org/apache/hadoop/hdfs/server/namenode/FSNamesystem.java,2682,2691,10
stackoverflow_formatted/17845954_0.java,42,52,hadoop-1/hadoop-1.0.0/src/contrib/capacity-scheduler/src/java/org/apache/hadoop/mapred/MemoryMatcher.java,11,23,11
stackoverflow_formatted/24292236_0.java,54,63,aoisrc281/AoIsrc281/ArtOfIllusion/src/artofillusion/animation/distortion/ShatterDistortion.java,14,24,10
stackoverflow_formatted/13448375_1.java,35,45,c-jdbc-2/c-jdbc-2.0.2-src/test/src/org/objectweb/cjdbc/scenario/standalone/sql/request/DeleteRequestTest.java,111,121,11
stackoverflow_formatted/12914222_0.java,15,24,freecol-0/freecol/src/net/sf/freecol/common/model/Game.java,88,97,10
stackoverflow_formatted/24376098_0.java,15,26,aoisrc281/AoIsrc281/ArtOfIllusion/src/artofillusion/texture/ProjectionMapping.java,412,422,11
stackoverflow_formatted/23518507_0.java,16,25,Compiere_330_Source/release_330/base/src/org/compiere/process/DunningRunCreate.java,219,228,10
stackoverflow_formatted/19203633_0.java,73,82,apache-ant-1.8.4/src/main/org/apache/tools/ant/taskdefs/Jar.java,173,183,10
stackoverflow_formatted/9415193_0.java,22,31,jag-6/jag-6.1/src/com/finalist/jag/skelet/JagSkeletViewer.java,34,45,10
stackoverflow_formatted/12293735_3.java,79,90,hadoop-1/hadoop-1.0.0/src/mapred/org/apache/hadoop/mapred/jobcontrol/Job.java,27,36,10
stackoverflow_formatted/24689280_1.java,9,20,aoisrc281/AoIsrc281/ArtOfIllusion/src/artofillusion/procedural/GridModule.java,138,147,10
stackoverflow_formatted/12544366_0.java,27,36,jext-sources-5/jext-src-5.0/src/lib/org/jext/options/OptionsDialog.java,81,90,10
stackoverflow_formatted/15489719_0.java,44,55,apache-ant-1.8.4/src/main/org/apache/tools/ant/taskdefs/AntStructure.java,146,158,12
stackoverflow_formatted/15519652_1.java,18,27,apache-ant-1.8.4/src/main/org/apache/tools/ant/taskdefs/Manifest.java,381,390,10
stackoverflow_formatted/15959614_1.java,18,28,JGroups-2/JGroups-2.10.0.GA.src/tests/junit-functional/org/jgroups/tests/ConnectionTableUnitTest.java,129,138,10
stackoverflow_formatted/14263853_0.java,28,48,iText-src-5/src/core/com/itextpdf/text/html/Markup.java,97,117,21
stackoverflow_formatted/20380088_0.java,22,31,c-jdbc-2/c-jdbc-2.0.2-src/src/org/objectweb/cjdbc/controller/recoverylog/RecoverThread.java,144,153,10
stackoverflow_formatted/17789353_0.java,19,28,apache-ant-1.8.4/src/main/org/apache/tools/ant/taskdefs/optional/junit/JUnitTest.java,79,89,10
stackoverflow_formatted/24854094_0.java,9,18,columba-1/columba-1.0-src/src/columba/core/org/columba/core/plugin/PluginManager.java,34,43,10
stackoverflow_formatted/11173036_0.java,6,15,FitLibrary20100806/fitnesse/lib/src/fitlibrarySrc/fit/FitServerTest.java,220,229,10
stackoverflow_formatted/21504238_0.java,73,87,heritrix-1/heritrix-1.14.4/src/java/org/archive/crawler/fetcher/HeritrixHttpMethodRetryHandler.java,18,32,15
stackoverflow_formatted/18319315_0.java,2,11,hadoop-1/hadoop-1.0.0/src/mapred/org/apache/hadoop/mapred/JobHistory.java,1247,1269,10
stackoverflow_formatted/11876184_0.java,31,40,hadoop-1/hadoop-1.0.0/src/contrib/hdfsproxy/src/test/org/apache/hadoop/hdfsproxy/TestHdfsProxy.java,208,217,10
stackoverflow_formatted/1267495_0.java,6,15,c-jdbc-2/c-jdbc-2.0.2-src/src/org/objectweb/cjdbc/console/wizard/XmlWizard.java,39,48,10
stackoverflow_formatted/3982213_0.java,3,13,galleon-2/src/org/lnicholls/galleon/widget/DefaultScreen.java,64,79,11
stackoverflow_formatted/18545916_0.java,18,28,Compiere_330_Source/release_330/ad/src/org/compiere/process/ProcessInfoParameter.java,40,49,10
stackoverflow_formatted/18727948_0.java,44,55,c-jdbc-2/c-jdbc-2.0.2-src/src/org/objectweb/cjdbc/common/sql/schema/DatabaseSQLMetaData.java,136,145,10
stackoverflow_formatted/17462989_1.java,77,86,Compiere_330_Source/release_330/client/Src/org/compiere/apps/APanel.java,1200,1209,10
stackoverflow_formatted/5086723_0.java,22,31,freecol-0/freecol/src/net/sf/freecol/client/gui/TilePopup.java,233,242,10
stackoverflow_formatted/15074883_0.java,38,48,axion-1.0-M2-src/axion-1.0-M2/src/org/axiondb/tools/Console.java,158,168,11
stackoverflow_formatted/1963684_0.java,56,65,columba-1/columba-1.0-src/src/columba/core/org/columba/core/gui/externaltools/ExternalToolsManager.java,17,28,10
stackoverflow_formatted/17120523_0.java,50,61,hadoop-1/hadoop-1.0.0/src/mapred/org/apache/hadoop/mapred/JobLocalizer.java,211,220,10
stackoverflow_formatted/14698836_2.java,26,35,hsqldb-2/hsqldb-2.0.0/hsqldb/src/org/hsqldb/util/TableSorter.java,80,90,10
stackoverflow_formatted/14545305_0.java,30,39,columba-1/columba-1.0-src/src/mail/core/org/columba/mail/spam/spamassassin/ExternalToolsHelper.java,14,23,10
stackoverflow_formatted/13269275_0.java,61,71,Compiere_330_Source/release_330/ad/src/org/compiere/util/EMail.java,233,242,10
stackoverflow_formatted/20632009_0.java,36,46,hadoop-1/hadoop-1.0.0/src/core/org/apache/hadoop/util/bloom/DynamicBloomFilter.java,48,58,11
stackoverflow_formatted/8605110_0.java,11,39,jext-sources-5/jext-src-5.0/src/lib/org/jext/options/StylesOptions.java,47,75,29
stackoverflow_formatted/8179466_0.java,62,75,Compiere_330_Source/release_330/base/src/org/compiere/model/MResourceAssignment.java,25,34,10
stackoverflow_formatted/15484493_0.java,58,68,apache-ant-1.8.4/src/tests/junit/org/apache/tools/ant/types/selectors/BaseSelectorTest.java,65,75,11
stackoverflow_formatted/13976025_0.java,42,51,columba-1/columba-1.0-src/src/mail/core/org/columba/mail/gui/composer/action/ExternalEditorAction.java,24,33,10
stackoverflow_formatted/61982_0.java,103,112,apache-ant-1.8.4/src/main/org/apache/tools/ant/taskdefs/Execute.java,85,94,10
stackoverflow_formatted/19110173_0.java,61,70,apache-ant-1.8.4/src/main/org/apache/tools/ant/taskdefs/optional/junit/JUnitTestRunner.java,110,119,10
stackoverflow_formatted/14986213_0.java,12,22,hsqldb-2/hsqldb-2.0.0/hsqldb/src/org/hsqldb/ParserDDL.java,2227,2237,11
stackoverflow_formatted/18332871_1.java,39,48,aoisrc281/AoIsrc281/ArtOfIllusion/src/artofillusion/material/LinearMaterialMapping.java,169,179,10
stackoverflow_formatted/23256569_0.java,12,25,columba-1/columba-1.0-src/src/columba/core/org/columba/core/services/Service.java,23,36,14
stackoverflow_formatted/8767572_0.java,16,25,c-jdbc-2/c-jdbc-2.0.2-src/test/src/org/objectweb/cjdbc/scenario/basic/ControllerJavaInstanceTest.java,40,49,10
stackoverflow_formatted/15676695_0.java,28,37,hsqldb-2/hsqldb-2.0.0/hsqldb/src/org/hsqldb/test/JDBCBench.java,537,547,10
stackoverflow_formatted/10335966_0.java,19,28,heritrix-1/heritrix-1.14.4/src/java/org/archive/crawler/io/CrawlerJournal.java,75,84,10
stackoverflow_formatted/5269345_0.java,12,21,aoisrc281/ArtOfIllusion/src/artofillusion/math/Mat4.java,172,181,10
stackoverflow_formatted/23584126_1.java,11,20,apache-ant-1.8.4/src/main/org/apache/tools/ant/util/JAXPUtils.java,94,105,10
stackoverflow_formatted/1098153_0.java,6,19,apache-ant-1.8.4/src/main/org/apache/tools/ant/util/CollectionUtils.java,86,98,13
stackoverflow_formatted/14413191_0.java,44,53,columba-1/columba-1.0-src/src/mail/core/org/columba/mail/gui/tree/util/SelectSearchFolderDialog.java,9,18,10
stackoverflow_formatted/6542214_1.java,9,19,Compiere_330_Source/release_330/ad/src/org/compiere/plaf/CompiereUtils.java,186,195,10
stackoverflow_formatted/20140096_0.java,6,15,cobertura-1/cobertura-1.9.4.1/src/net/sourceforge/cobertura/javancss/ccl/FileUtil.java,45,54,10
stackoverflow_formatted/16206747_0.java,4,15,Compiere_330_Source/release_330/base/src/org/compiere/model/MDistributionRunLine.java,83,93,11
stackoverflow_formatted/7898251_0.java,7,16,hadoop-1/hadoop-1.0.0/src/mapred/org/apache/hadoop/mapreduce/security/TokenCache.java,57,66,10
stackoverflow_formatted/22546432_0.java,29,38,columba-1/columba-1.0-src/src/columba/core/org/columba/core/command/CommandProcessor.java,82,91,10
stackoverflow_formatted/8291309_0.java,127,139,columba-1/columba-1.0-src/src/columba/core/org/columba/core/main/SessionController.java,60,71,12
stackoverflow_formatted/23729113_0.java,16,26,aoisrc281/ArtOfIllusion/src/artofillusion/procedural/ExprModule.java,194,214,11
stackoverflow_formatted/12450914_0.java,76,85,Compiere_330_Source/release_330/ad/src/org/compiere/plaf/CompiereColor.java,339,349,10
stackoverflow_formatted/14854738_0.java,38,47,freecol-0/freecol/src/net/sf/freecol/common/model/ColonyTile.java,92,101,10
stackoverflow_formatted/4369583_0.java,30,39,jOggPlayer114s/src/kiwi/ui/DataField.java,77,86,10
stackoverflow_formatted/14069976_0.java,106,117,aoisrc281/HelpPlugin/src/HelpPlugin.java,73,83,11
stackoverflow_formatted/22379187_0.java,68,78,apache-ant-1.8.4/src/tests/junit/org/apache/tools/ant/taskdefs/JavaTest.java,191,201,11
stackoverflow_formatted/4203354_0.java,52,61,freecol-0/freecol/src/net/sf/freecol/client/gui/panel/LabourData.java,297,306,10
stackoverflow_formatted/12844115_0.java,128,138,jgraph-latest-bsd-src/src/org/jgraph/graph/DefaultGraphModel.java,634,645,11
stackoverflow_formatted/11022834_0.java,17,27,findbugs-1/findbugs-1.3.9/src/java/edu/umd/cs/findbugs/ml/ConvertToARFF.java,325,336,11
stackoverflow_formatted/20949703_0.java,3,28,Compiere_330_Source/release_330/ad/src/org/compiere/db/ConvertMap.java,52,81,26
stackoverflow_formatted/7624963_2.java,4,13,JGroups-2/JGroups-2.10.0.GA.src/tests/perf/org/jgroups/tests/perf/IPerf.java,310,319,10
stackoverflow_formatted/24435436_0.java,6,20,apache-ant-1.8.4/src/tests/junit/org/apache/tools/ant/PropertyExpansionTest.java,9,21,13
stackoverflow_formatted/4107431_4.java,19,44,iText-src-5/src/core/com/itextpdf/text/pdf/qrcode/Mode.java,20,43,24
stackoverflow_formatted/8993671_0.java,6,15,FitLibrary20100806/fitnesse/lib/src/fitlibrarySrc/fitlibrary/tableOnParse/TableElementOnParse.java,74,83,10
stackoverflow_formatted/19420095_0.java,43,52,hadoop-1/hadoop-1.0.0/src/test/org/apache/hadoop/fs/TestFileSystemCaching.java,25,35,10
stackoverflow_formatted/6021341_0.java,34,47,freecol-0/freecol/src/net/sf/freecol/common/model/FoundingFather.java,67,80,14
stackoverflow_formatted/6390885_0.java,11,22,apache-ant-1.8.4/src/main/org/apache/tools/ant/taskdefs/optional/vss/MSVSS.java,223,234,12
stackoverflow_formatted/16495107_0.java,11,20,aoisrc281/AoIsrc281/ArtOfIllusion/src/artofillusion/ObjectSet.java,32,41,10
stackoverflow_formatted/23670077_2.java,3,14,aoisrc281/AoIsrc281/ArtOfIllusion/src/artofillusion/script/ScriptRunner.java,14,25,12
stackoverflow_formatted/21646578_0.java,106,115,freecol-0/freecol/src/net/sf/freecol/server/ai/AIColony.java,353,365,10
stackoverflow_formatted/18647984_0.java,49,63,hadoop-1/hadoop-1.0.0/src/mapred/org/apache/hadoop/mapreduce/lib/input/SequenceFileRecordReader.java,36,50,15
stackoverflow_formatted/21016137_1.java,28,37,apache-ant-1.8.4/src/main/org/apache/tools/ant/helper/ProjectHelper2.java,84,93,10
stackoverflow_formatted/12702036_0.java,5,14,cobertura-1/cobertura-1.9.4.1/src/net/sourceforge/cobertura/javancss/Javancss.java,218,227,10
stackoverflow_formatted/11799321_0.java,13,25,findbugs-1/findbugs-1.3.9/src/java/edu/umd/cs/findbugs/AnalysisLocal.java,13,26,13
stackoverflow_formatted/9591522_0.java,19,45,apache-ant-1.8.4/src/main/org/apache/tools/ant/taskdefs/MacroDef.java,212,235,24
stackoverflow_formatted/11574637_0.java,78,89,commons-collections-3/commons-collections-3.2.1-src/src/java/org/apache/commons/collections/functors/PrototypeFactory.java,87,100,12
stackoverflow_formatted/22367293_0.java,128,138,apache-ant-1.8.4/src/main/org/apache/tools/ant/types/selectors/SelectorUtils.java,331,342,11
stackoverflow_formatted/21816168_2.java,9,18,findbugs-1/findbugs-1.3.9/src/java/edu/umd/cs/findbugs/gui/AboutDialog.java,48,57,10
stackoverflow_formatted/6103075_0.java,127,137,hadoop-1/hadoop-1.0.0/src/contrib/fairscheduler/src/java/org/apache/hadoop/mapred/FairSchedulerServlet.java,268,277,10
stackoverflow_formatted/17272464_0.java,5,14,JGroups-2/JGroups-2.10.0.GA.src/src/org/jgroups/persistence/DBPersistenceManager.java,325,334,10
stackoverflow_formatted/15260207_0.java,145,155,hadoop-1/hadoop-1.0.0/src/test/org/apache/hadoop/mapred/lib/TestKeyFieldHelper.java,306,316,11
stackoverflow_formatted/14675418_0.java,8,18,hadoop-1/hadoop-1.0.0/src/contrib/failmon/src/java/org/apache/hadoop/contrib/failmon/EventRecord.java,10,20,11
stackoverflow_formatted/19038896_0.java,113,122,hsqldb-2/hsqldb-2.0.0/hsqldb/src/org/hsqldb/Expression.java,832,841,10
stackoverflow_formatted/2528098_0.java,27,36,c-jdbc-2/c-jdbc-2.0.2-src/src/org/objectweb/cjdbc/common/sql/schema/DatabaseTable.java,73,82,10
stackoverflow_formatted/17208032_1.java,8,18,jext-sources-5/jext-src-5.0/src/lib/com/microstar/xml/XmlParser.java,1672,1683,11
stackoverflow_formatted/11867360_0.java,120,129,apache-ant-1.8.4/src/tests/junit/org/apache/tools/ant/filters/TokenFilterTest.java,162,171,10
stackoverflow_formatted/9860374_0.java,368,389,Compiere_330_Source/release_330/base/src/org/compiere/impexp/OFX1ToXML.java,98,121,22
stackoverflow_formatted/3292591_0.java,21,30,hadoop-1/hadoop-1.0.0/src/test/org/apache/hadoop/mapred/TestMiniMRMapRedDebugScript.java,122,132,10
stackoverflow_formatted/19934104_0.java,37,49,jext-sources-5/jext-src-5.0/src/lib/org/jext/scripting/python/Run.java,22,33,12
stackoverflow_formatted/24711335_0.java,7,18,findbugs-1/findbugs-1.3.9/src/java/edu/umd/cs/findbugs/xml/QuoteMetaCharacters.java,7,16,10
stackoverflow_formatted/7547123_0.java,23,34,Compiere_330_Source/release_330/ad/src/org/compiere/model/MLookup.java,455,468,12
stackoverflow_formatted/18035301_0.java,27,42,hadoop-1/hadoop-1.0.0/src/test/org/apache/hadoop/hdfs/util/TestGSet.java,29,38,10
stackoverflow_formatted/15141427_0.java,44,53,apache-ant-1.8.4/src/main/org/apache/tools/ant/taskdefs/compilers/CompilerAdapterFactory.java,76,85,10
stackoverflow_formatted/14907308_1.java,15,25,JGroups-2/JGroups-2.10.0.GA.src/src/org/jgroups/demos/Draw.java,350,359,10
stackoverflow_formatted/15724910_0.java,86,97,axion-1.0-M2-src/axion-1.0-M2/src/org/axiondb/engine/BaseRow.java,39,50,12
stackoverflow_formatted/17777010_0.java,28,41,iText-src-5/src/core/com/itextpdf/text/pdf/PdfSignatureAppearance.java,775,789,14
stackoverflow_formatted/6025026_0.java,94,103,axion-1.0-M2-src/axion-1.0-M2/src/org/axiondb/engine/rowiterators/SimpleJoinedRowIterator.java,25,34,10
stackoverflow_formatted/19188490_1.java,55,64,aoisrc281/ArtOfIllusion/src/artofillusion/image/filter/ImageFilter.java,33,42,10
stackoverflow_formatted/15137708_0.java,69,78,c-jdbc-2/c-jdbc-2.0.2-src/test/src/org/objectweb/cjdbc/scenario/raidb1/pool/VariablePoolScenario.java,8,17,10
stackoverflow_formatted/22902269_0.java,21,30,hadoop-1/hadoop-1.0.0/src/test/org/apache/hadoop/hdfs/server/datanode/TestBlockReplacement.java,153,162,10
stackoverflow_formatted/2915301_0.java,57,67,heritrix-1/heritrix-1.14.4/src/java/org/archive/util/ArchiveUtils.java,315,325,11
stackoverflow_formatted/8326566_1.java,8,17,columba-1/columba-1.0-src/src/mail/core/org/columba/mail/gui/composer/html/util/ExtendedHTMLEditorKit.java,15,24,10
stackoverflow_formatted/2497611_0.java,5,14,columba-1/columba-1.0-src/src/mail/core/org/columba/mail/config/AccountItem.java,28,37,10
stackoverflow_formatted/2489077_0.java,8,18,Compiere_330_Source/release_330/ad/src/org/compiere/model/MAccount.java,435,445,11
stackoverflow_formatted/1822446_0.java,35,44,apache-ant-1.8.4/src/main/org/apache/tools/ant/util/DeweyDecimal.java,79,88,10
stackoverflow_formatted/24988312_0.java,58,69,aoisrc281/ArtOfIllusion/src/artofillusion/material/LinearMaterialMapping.java,169,179,11
stackoverflow_formatted/4319152_0.java,2,11,c-jdbc-2/c-jdbc-2.0.2-src/test/src/org/objectweb/cjdbc/scenario/tools/util/QueryGenerator.java,292,306,10
stackoverflow_formatted/13327472_0.java,17,26,Compiere_330_Source/release_330/base/src/org/compiere/report/MReport.java,24,33,10
stackoverflow_formatted/3385424_0.java,41,50,apache-ant-1.8.4/src/main/org/apache/tools/ant/taskdefs/ExecuteJava.java,120,129,10
stackoverflow_formatted/12290352_0.java,7,18,heritrix-1/heritrix-1.14.4/src/java/org/archive/crawler/admin/CrawlJob.java,1346,1358,12
stackoverflow_formatted/15417807_0.java,18,30,informa-0/informa-0.7.0-alpha2/src/de/nava/informa/impl/hibernate/ItemGuid.java,45,57,13
stackoverflow_formatted/17300584_0.java,2,11,JGroups-2/JGroups-2.10.0.GA.src/src/org/jgroups/protocols/Discovery.java,137,147,10
stackoverflow_formatted/22920231_0.java,7,17,aoisrc281/SPManager/src/artofillusion/spmanager/SPManagerUtils.java,148,158,11
stackoverflow_formatted/12697903_0.java,56,65,apache-ant-1.8.4/src/main/org/apache/tools/ant/taskdefs/Zip.java,204,213,10
stackoverflow_formatted/19784528_0.java,59,68,c-jdbc-2/c-jdbc-2.0.2-src/src/org/objectweb/cjdbc/console/gui/CjdbcGui.java,1391,1401,10
stackoverflow_formatted/22888726_1.java,9,18,Compiere_330_Source/release_330/ad/src/org/compiere/util/CPreparedStatement.java,555,567,10
stackoverflow_formatted/14810044_0.java,15,25,columba-1/columba-1.0-src/src/columba/core/org/columba/core/base/Barrier.java,7,16,10
stackoverflow_formatted/25147883_1.java,64,75,hsqldb-2/hsqldb-2.0.0/hsqldb/src/org/hsqldb/util/DatabaseManagerSwing.java,982,991,10
stackoverflow_formatted/15038496_1.java,10,19,apache-ant-1.8.4/src/main/org/apache/tools/ant/util/SymbolicLinkUtils.java,90,105,10
stackoverflow_formatted/24286934_0.java,60,69,jgraphpad-5/jgraphpad-5.10.0.2-src/src/org/jgraph/plugins/layouts/JGraphLayoutRegistry.java,5,16,10
stackoverflow_formatted/11666046_0.java,44,54,antlr4-4.0/tool/src/org/antlr/v4/tool/Rule.java,248,258,11
stackoverflow_formatted/18974782_0.java,72,81,c-jdbc-2/c-jdbc-2.0.2-src/src/org/objectweb/cjdbc/common/sql/metadata/MetadataContainer.java,27,37,10
stackoverflow_formatted/19682379_0.java,4,14,jag-6/jag-6.1/src/com/finalist/jaggenerator/LibCopier.java,63,73,11
stackoverflow_formatted/21635486_0.java,33,42,heritrix-1/heritrix-1.14.4/src/java/org/archive/crawler/frontier/AbstractFrontier.java,378,387,10
stackoverflow_formatted/23105907_0.java,3,12,heritrix-1/heritrix-1.14.4/src/java/org/archive/crawler/util/CheckpointUtils.java,36,46,10
stackoverflow_formatted/321243_0.java,30,39,apache-ant-1.8.4/src/main/org/apache/tools/ant/Main.java,339,348,10
stackoverflow_formatted/8663224_0.java,4,13,hadoop-1/hadoop-1.0.0/src/examples/org/apache/hadoop/examples/DBCountPageView.java,65,74,10
stackoverflow_formatted/21694881_1.java,38,47,apache-ant-1.8.4/src/main/org/apache/tools/ant/types/selectors/modifiedselector/ModifiedSelector.java,120,129,10
stackoverflow_formatted/21918321_0.java,21,30,freecol-0/freecol/src/net/sf/freecol/server/ai/AIPlayer.java,200,211,10
stackoverflow_formatted/23692569_0.java,5,24,aoisrc281/AoIsrc281/SPManager/src/artofillusion/spmanager/SPMSetupFrame.java,116,136,20
stackoverflow_formatted/12684641_0.java,15,25,galleon-2/src/org/lnicholls/galleon/togo/DownloadThread.java,82,91,10
stackoverflow_formatted/15052680_0.java,84,95,hadoop-1/hadoop-1.0.0/src/test/org/apache/hadoop/fs/TestHarFileSystem.java,51,63,12
stackoverflow_formatted/5989649_0.java,38,47,iText-src-5/src/rups/com/itextpdf/rups/view/itext/XRefTable.java,65,74,10
stackoverflow_formatted/17986453_0.java,29,40,Compiere_330_Source/release_330/ad/src/org/compiere/db/DB_PostgreSQL.java,317,327,11
stackoverflow_formatted/14678042_0.java,9,18,antlr4-4.0/runtime/Java/src/org/antlr/v4/runtime/atn/SemanticContext.java,75,84,10
stackoverflow_formatted/23055984_0.java,24,34,Compiere_330_Source/release_330/install/src/org/compiere/install/ProgressPanel.java,265,276,11
stackoverflow_formatted/22896962_1.java,3,12,jgrapht-0/jgrapht-0.8.1/src/org/jgrapht/demo/HelloJGraphT.java,17,26,10
stackoverflow_formatted/7109611_0.java,14,23,aoisrc281/AoIsrc281/ArtOfIllusion/src/artofillusion/animation/Joint.java,112,121,10
stackoverflow_formatted/13309243_0.java,117,133,findbugs-1/findbugs-1.3.9/src/java/edu/umd/cs/findbugs/detect/FindBadCast.java,16,32,17
stackoverflow_formatted/14593761_0.java,32,41,hadoop-1/hadoop-1.0.0/src/tools/org/apache/hadoop/tools/rumen/LoggedNetworkTopology.java,42,51,10
stackoverflow_formatted/4328890_0.java,43,56,c-jdbc-2/c-jdbc-2.0.2-src/src/org/objectweb/cjdbc/controller/backend/DatabaseBackendSchemaConstants.java,24,39,14
stackoverflow_formatted/18435056_1.java,46,56,heritrix-1/heritrix-1.14.4/src/java/org/archive/crawler/SimpleHttpServer.java,107,116,10
stackoverflow_formatted/14531811_0.java,10,20,JGroups-2/JGroups-2.10.0.GA.src/tests/other/org/jgroups/tests/DiscoveryTest.java,23,32,10
stackoverflow_formatted/16122387_0.java,18,27,Compiere_330_Source/release_330/ad/src/org/compiere/util/CLogConsole.java,97,112,10
stackoverflow_formatted/20666534_2.java,18,27,aoisrc281/Renderers/src/artofillusion/raytracer/Raytracer.java,283,293,10
stackoverflow_formatted/22748844_0.java,30,39,hsqldb-2/hsqldb-2.0.0/hsqldb/src/org/hsqldb/test/TestDbBackup.java,407,417,10
stackoverflow_formatted/7447688_0.java,3,12,freecol-0/freecol/src/net/sf/freecol/common/model/Europe.java,48,57,10
stackoverflow_formatted/12772671_0.java,32,44,c-jdbc-2/c-jdbc-2.0.2-src/src/org/objectweb/cjdbc/console/gui/model/AttributeModel.java,55,66,12
stackoverflow_formatted/16624592_0.java,68,80,freecol-0/freecol/src/net/sf/freecol/client/control/PreGameInputHandler.java,144,156,13
stackoverflow_formatted/19671616_0.java,84,93,aoisrc281/ArtOfIllusion/src/artofillusion/procedural/ParameterModule.java,87,97,10
stackoverflow_formatted/21880926_0.java,18,27,galleon-2/src/org/lnicholls/galleon/database/NetworkServerManager.java,106,115,10
stackoverflow_formatted/12689042_0.java,107,116,Compiere_330_Source/release_330/base/src/org/compiere/util/WebUser.java,249,259,10
stackoverflow_formatted/12403875_1.java,46,55,Compiere_330_Source/release_330/base/src/org/compiere/model/MRequest.java,634,643,10
stackoverflow_formatted/4812424_0.java,7,16,hadoop-1/hadoop-1.0.0/src/hdfs/org/apache/hadoop/hdfs/server/namenode/FSImage.java,409,418,10
stackoverflow_formatted/15629904_1.java,4,13,apache-ant-1.8.4/src/main/org/apache/tools/ant/types/CommandlineJava.java,87,96,10
stackoverflow_formatted/19093792_2.java,2,11,columba-1/columba-1.0-src/src/columba/core/org/columba/core/gui/toolbar/ToolBarXMLDecoder.java,25,34,10
stackoverflow_formatted/23830518_0.java,47,59,JGroups-2/JGroups-2.10.0.GA.src/src/org/jgroups/debug/Profiler.java,95,107,13
stackoverflow_formatted/6549676_0.java,26,36,findbugs-1/findbugs-1.3.9/src/java/edu/umd/cs/findbugs/workflow/BugHistory.java,169,181,11
stackoverflow_formatted/18677219_0.java,73,85,galleon-2/src/org/lnicholls/galleon/goback/ConnectionHandler.java,61,71,11
stackoverflow_formatted/6993187_2.java,104,141,cobertura-1/cobertura-1.9.4.1/src/net/sourceforge/cobertura/javancss/parser/java15/JavaParser15.java,1408,1450,38
stackoverflow_formatted/3280700_0.java,18,33,informa-0/informa-0.7.0-alpha2/src/de/nava/informa/impl/hibernate/Category.java,56,71,16
stackoverflow_formatted/18555953_0.java,8,17,hadoop-1/hadoop-1.0.0/src/contrib/eclipse-plugin/src/java/org/apache/hadoop/eclipse/dfs/DFSFile.java,60,70,10
stackoverflow_formatted/21099738_0.java,2,30,findbugs-1/findbugs-1.3.9/src/java/edu/umd/cs/findbugs/XDocsBugReporter.java,85,112,28
stackoverflow_formatted/20596330_0.java,44,53,c-jdbc-2/c-jdbc-2.0.2-src/src/org/objectweb/cjdbc/controller/jmx/MBeanServerManager.java,98,109,10
stackoverflow_formatted/18113274_0.java,10,19,apache-ant-1.8.4/src/main/org/apache/tools/ant/taskdefs/optional/net/RExecTask.java,198,207,10
stackoverflow_formatted/13228848_0.java,3,12,Compiere_330_Source/release_330/ad/src/org/compiere/db/CConnection.java,95,104,10
stackoverflow_formatted/18429219_0.java,164,173,apache-ant-1.8.4/src/main/org/apache/tools/ant/types/resources/comparators/Date.java,4,13,10
stackoverflow_formatted/5063228_0.java,13,22,apache-ant-1.8.4/src/tests/junit/org/apache/tools/ant/util/DOMElementWriterTest.java,89,98,10
stackoverflow_formatted/3867248_0.java,27,37,hadoop-1/hadoop-1.0.0/src/test/org/apache/hadoop/mapred/TestJobDirCleanup.java,48,58,11
stackoverflow_formatted/13919878_0.java,91,100,freecol-0/freecol/src/net/sf/freecol/client/gui/panel/SelectDestinationDialog.java,270,281,10
stackoverflow_formatted/13634801_1.java,11,21,hadoop-1/hadoop-1.0.0/src/core/org/apache/hadoop/io/serializer/WritableSerialization.java,28,38,11
stackoverflow_formatted/10846622_0.java,75,93,galleon-2/src/org/lnicholls/galleon/database/Video.java,584,606,19
stackoverflow_formatted/1575172_0.java,6,19,c-jdbc-2/c-jdbc-2.0.2-src/src/org/objectweb/cjdbc/common/sql/filters/MacrosHandler.java,103,118,14
stackoverflow_formatted/5963582_0.java,2,11,hadoop-1/hadoop-1.0.0/src/hdfs/org/apache/hadoop/hdfs/server/namenode/LeaseManager.java,156,166,10
stackoverflow_formatted/24772546_0.java,15,33,cobertura-1/cobertura-1.9.4.1/src/net/sourceforge/cobertura/coveragedata/TouchCollector.java,52,70,19
stackoverflow_formatted/3801523_0.java,56,67,findbugs-1/findbugs-1.3.9/src/java/edu/umd/cs/findbugs/visitclass/PrintClass.java,44,54,11
stackoverflow_formatted/17048370_0.java,58,68,axion-1.0-M2-src/axion-1.0-M2/src/org/axiondb/event/RowEvent.java,22,32,11
stackoverflow_formatted/22748689_1.java,14,23,apache-ant-1.8.4/src/main/org/apache/tools/ant/types/resources/BaseResourceCollectionContainer.java,125,135,10
stackoverflow_formatted/9528625_0.java,6,23,hadoop-1/hadoop-1.0.0/src/core/org/apache/hadoop/fs/permission/PermissionParser.java,33,49,17
stackoverflow_formatted/9466778_0.java,3,12,hadoop-1/hadoop-1.0.0/src/hdfs/org/apache/hadoop/hdfs/server/balancer/Balancer.java,128,138,10
stackoverflow_formatted/19340876_0.java,5,17,antlr4-4.0/tool/src/org/antlr/v4/codegen/Target.java,28,39,12
stackoverflow_formatted/23145215_1.java,11,21,aoisrc281/ArtOfIllusion/src/artofillusion/texture/Linear3DTriangle.java,9,20,11
stackoverflow_formatted/9609505_0.java,12,22,aoisrc281/AoIsrc281/Renderers/src/artofillusion/raytracer/Raytracer.java,283,293,11
stackoverflow_formatted/21105036_0.java,21,32,columba-1/columba-1.0-src/src/mail/core/org/columba/mail/spam/spamassassin/IPCHelper.java,58,70,12
stackoverflow_formatted/20204713_0.java,26,36,freecol-0/freecol/src/net/sf/freecol/client/gui/panel/FreeColPanel.java,202,212,11
stackoverflow_formatted/21734600_0.java,51,60,aoisrc281/AoIsrc281/ArtOfIllusion/src/artofillusion/script/ScriptedObjectController.java,25,34,10
stackoverflow_formatted/25617232_0.java,79,90,hadoop-1/hadoop-1.0.0/src/test/org/apache/hadoop/mapreduce/TestMapReduceLocal.java,55,66,12
stackoverflow_formatted/24709591_0.java,2,13,hsqldb-2/hsqldb-2.0.0/hsqldb/src/org/hsqldb/Like.java,211,221,11
stackoverflow_formatted/18422058_0.java,23,33,iText-src-5/src/core/com/itextpdf/text/pdf/Pfm2afm.java,46,56,11
stackoverflow_formatted/20680556_0.java,4,14,findbugs-1/findbugs-1.3.9/src/java/edu/umd/cs/findbugs/ba/BetterCFGBuilder2.java,397,407,11
stackoverflow_formatted/11789067_0.java,12,21,cobertura-1/cobertura-1.9.4.1/src/net/sourceforge/cobertura/util/IOUtil.java,54,65,10
stackoverflow_formatted/14225857_0.java,31,40,hsqldb-2/hsqldb-2.0.0/hsqldb/src/org/hsqldb/rights/GranteeManager.java,66,76,10
stackoverflow_formatted/24478153_0.java,57,66,aoisrc281/ArtOfIllusion/src/artofillusion/animation/distortion/ShatterDistortion.java,14,24,10
stackoverflow_formatted/21930021_0.java,11,22,hadoop-1/hadoop-1.0.0/src/test/org/apache/hadoop/hdfs/server/namenode/TestBlockTokenWithDFS.java,69,79,11
stackoverflow_formatted/8331522_3.java,77,86,hadoop-1/hadoop-1.0.0/src/core/org/apache/hadoop/util/ProcfsBasedProcessTree.java,105,114,10
stackoverflow_formatted/25445383_0.java,38,48,apache-ant-1.8.4/src/main/org/apache/tools/ant/taskdefs/optional/junit/FormatterElement.java,157,168,11
stackoverflow_formatted/9684751_0.java,11,37,freecol-0/freecol/src/net/sf/freecol/common/model/EquipmentType.java,63,89,27
stackoverflow_formatted/14688811_0.java,14,26,apache-ant-1.8.4/src/main/org/apache/tools/ant/taskdefs/optional/PropertyFile.java,55,68,13
stackoverflow_formatted/18929677_0.java,6,15,colt-1/colt/src/cern/jet/random/Binomial.java,21,30,10
stackoverflow_formatted/5796422_0.java,54,63,c-jdbc-2/c-jdbc-2.0.2-src/src/org/objectweb/cjdbc/controller/recoverylog/LoggerThread.java,44,53,10
stackoverflow_formatted/11087017_0.java,69,78,c-jdbc-2/c-jdbc-2.0.2-src/test/src/org/objectweb/cjdbc/requestplayer/ClientThread.java,138,147,10
stackoverflow_formatted/25047554_0.java,22,39,iText-src-5/src/core/com/itextpdf/text/pdf/codec/GifImage.java,349,367,18
stackoverflow_formatted/13227985_0.java,86,96,findbugs-1/findbugs-1.3.9/src/java/edu/umd/cs/findbugs/detect/OverridingEqualsNotSymmetrical.java,192,201,10
stackoverflow_formatted/17460140_0.java,11,20,james-2/src/java/org/apache/james/util/Base64.java,15,24,10
stackoverflow_formatted/12544946_0.java,29,39,JGroups-2/JGroups-2.10.0.GA.src/src/org/jgroups/util/Util.java,2612,2622,11
stackoverflow_formatted/17085730_0.java,8,18,c-jdbc-2/c-jdbc-2.0.2-src/test/src/org/objectweb/cjdbc/scenario/tools/util/MemoryProfiler.java,88,97,10
stackoverflow_formatted/16982186_1.java,29,39,hadoop-1/hadoop-1.0.0/src/test/org/apache/hadoop/hdfs/server/datanode/TestDataNodeVolumeFailure.java,201,211,11
stackoverflow_formatted/13153962_0.java,13,22,findbugs-1/findbugs-1.3.9/src/java/edu/umd/cs/findbugs/workflow/RejarClassesForAnalysis.java,80,89,10
stackoverflow_formatted/18487023_0.java,41,53,JGroups-2/JGroups-2.10.0.GA.src/src/org/jgroups/protocols/pbcast/NAKACK.java,347,358,12
stackoverflow_formatted/16928749_0.java,69,97,hadoop-1/hadoop-1.0.0/src/mapred/org/apache/hadoop/mapreduce/lib/output/TextOutputFormat.java,75,99,25
stackoverflow_formatted/17035382_0.java,11,20,c-jdbc-2/c-jdbc-2.0.2-src/src/org/objectweb/cjdbc/console/gui/model/OperationModel.java,46,55,10
stackoverflow_formatted/706109_0.java,23,32,jgraphpad-5/jgraphpad-5.10.0.2-src/src/org/jgraph/pad/actionsbase/eager/EditUndo.java,13,22,10
stackoverflow_formatted/13731734_0.java,89,102,freecol-0/freecol/src/net/sf/freecol/client/gui/panel/DefaultTransferHandler.java,225,239,14
stackoverflow_formatted/13993455_0.java,22,31,aoisrc281/ArtOfIllusion/src/artofillusion/ObjectSet.java,32,41,10
stackoverflow_formatted/10152709_0.java,5,14,JGroups-2/JGroups-2.10.0.GA.src/src/org/jgroups/stack/GossipRouter.java,222,231,10
stackoverflow_formatted/8180925_0.java,25,40,heritrix-1/heritrix-1.14.4/src/java/org/archive/util/CachedBdbMap.java,915,932,16
stackoverflow_formatted/7733641_0.java,21,30,hadoop-1/hadoop-1.0.0/src/core/org/apache/hadoop/metrics/util/MBeanUtil.java,39,48,10
stackoverflow_formatted/7616206_1.java,200,214,jext-sources-5/jext-src-5.0/src/lib/gnu/regexp/RE.java,178,190,13
stackoverflow_formatted/27609_0.java,10,22,findbugs-1/findbugs-1.3.9/src/java/edu/umd/cs/findbugs/ba/generic/GenericObjectType.java,21,32,12
stackoverflow_formatted/18934994_1.java,14,26,heritrix-1/heritrix-1.14.4/src/java/org/apache/commons/httpclient/Cookie.java,117,132,13
stackoverflow_formatted/18039450_0.java,57,66,antlr4-4.0/runtime/Java/src/org/antlr/v4/runtime/misc/Utils.java,69,78,10
stackoverflow_formatted/11949383_0.java,18,27,aoisrc281/ArtOfIllusion/src/artofillusion/procedural/ProcedureEditor.java,478,487,10
stackoverflow_formatted/8369741_0.java,19,28,freecs-1/freecs-1.3.20100406/src/freecs/auth/sqlConnectionPool/PoolElement.java,131,140,10
stackoverflow_formatted/21748093_0.java,7,16,commons-collections-3/commons-collections-3.2.1-src/src/test/org/apache/commons/collections/map/TestMultiValueMap.java,78,87,10
stackoverflow_formatted/21288071_0.java,2,11,heritrix-1/heritrix-1.14.4/src/java/org/archive/util/ProcessUtils.java,21,31,10
stackoverflow_formatted/13905709_0.java,116,128,Compiere_330_Source/release_330/base/src/org/compiere/model/MProductCategoryAcct.java,58,67,10
stackoverflow_formatted/7415314_0.java,31,40,Compiere_330_Source/release_330/ad/src/org/compiere/util/ZipUtil.java,185,198,10
stackoverflow_formatted/15826054_0.java,8,22,apache-ant-1.8.4/src/main/org/apache/tools/ant/taskdefs/optional/EchoProperties.java,276,290,15
stackoverflow_formatted/24280694_0.java,24,33,columba-1/columba-1.0-src/src/columba/core/org/columba/core/desktop/JDICDesktop.java,45,55,10
stackoverflow_formatted/22187198_1.java,7,16,apache-ant-1.8.4/src/tests/junit/org/apache/tools/ant/taskdefs/optional/TraXLiaisonTest.java,67,76,10
stackoverflow_formatted/16179971_7.java,15,30,freecol-0/freecol/src/net/sf/freecol/client/ClientOptions.java,280,295,16
stackoverflow_formatted/7383847_1.java,39,62,hadoop-1/hadoop-1.0.0/src/mapred/org/apache/hadoop/mapred/StatisticsCollector.java,116,141,24
stackoverflow_formatted/23879677_0.java,63,87,hsqldb-2/hsqldb-2.0.0/hsqldb/src/org/hsqldb/test/TestNitin.java,26,42,17
stackoverflow_formatted/21158198_2.java,67,76,aoisrc281/AoIsrc281/ArtOfIllusion/src/artofillusion/texture/Linear3DTriangle.java,9,20,10
stackoverflow_formatted/138693_0.java,29,39,cobertura-1/cobertura-1.9.4.1/src/net/sourceforge/cobertura/coveragedata/ClassData.java,326,335,10
stackoverflow_formatted/22164673_0.java,2,34,freecs-1/freecs-1.3.20100406/src/freecs/external/WebadminRequestHandler.java,127,153,27
stackoverflow_formatted/10357615_0.java,29,38,findbugs-1/findbugs-1.3.9/src/java/edu/umd/cs/findbugs/OpcodeStack.java,227,236,10
stackoverflow_formatted/17750384_0.java,76,88,FitLibrary20100806/fitnesse/lib/src/fitlibrarySrc/fitlibrary/batch/resultsOut/ParallelSuiteResult.java,10,20,11
stackoverflow_formatted/22836238_2.java,77,88,apache-ant-1.8.4/src/main/org/apache/tools/ant/taskdefs/optional/net/SetProxy.java,65,75,11
stackoverflow_formatted/25326090_0.java,5,14,jgraphpad-5/jgraphpad-5.10.0.2-src/src/org/jgraph/plugins/layouts/LayoutDialog.java,112,121,10
stackoverflow_formatted/13942568_0.java,17,27,hadoop-1/hadoop-1.0.0/src/mapred/org/apache/hadoop/mapred/Task.java,775,785,11
stackoverflow_formatted/7211628_0.java,25,36,JGroups-2/JGroups-2.10.0.GA.src/src/org/jgroups/protocols/S3_PING.java,863,873,11
stackoverflow_formatted/8998514_0.java,6,15,Compiere_330_Source/release_330/ad/src/org/compiere/util/Splash.java,93,102,10
stackoverflow_formatted/16240111_0.java,6,19,findbugs-1/findbugs-1.3.9/src/java/edu/umd/cs/findbugs/ba/deref/UnconditionalValueDerefAnalysis.java,109,121,13
stackoverflow_formatted/24189866_0.java,25,34,aoisrc281/AoIsrc281/ArtOfIllusion/src/artofillusion/image/MovieEncoder.java,54,63,10
stackoverflow_formatted/12987522_0.java,2,11,hadoop-1/hadoop-1.0.0/src/mapred/org/apache/hadoop/mapred/LocalJobRunner.java,226,235,10
stackoverflow_formatted/16772510_0.java,27,36,c-jdbc-2/c-jdbc-2.0.2-src/src/org/objectweb/cjdbc/controller/virtualdatabase/VirtualDatabaseWorkerThread.java,1240,1249,10
stackoverflow_formatted/15924946_0.java,6,20,FitLibrary20100806/fitnesse/lib/src/fitlibrarySrc/fitlibrary/specify/SystemUnderTest.java,123,139,15
stackoverflow_formatted/14617650_1.java,32,41,axion-1.0-M2-src/axion-1.0-M2/src/org/axiondb/engine/BaseDatabase.java,288,297,10
stackoverflow_formatted/6514356_0.java,3,12,Compiere_330_Source/release_330/common/src/org/compiere/util/KeyNamePair.java,22,33,10
stackoverflow_formatted/820837_0.java,6,15,hadoop-1/hadoop-1.0.0/src/core/org/apache/hadoop/io/SequenceFile.java,1635,1645,10
stackoverflow_formatted/2372954_0.java,29,41,heritrix-1/heritrix-1.14.4/src/java/org/archive/crawler/datamodel/CrawlServer.java,58,72,13
stackoverflow_formatted/11017284_0.java,70,80,hsqldb-2/hsqldb-2.0.0/hsqldb/src/org/hsqldb/test/TestBench.java,418,428,11
stackoverflow_formatted/12149844_0.java,49,59,axion-1.0-M2-src/axion-1.0-M2/src/org/axiondb/engine/DiskDatabase.java,162,173,11
stackoverflow_formatted/2484569_1.java,123,132,hadoop-1/hadoop-1.0.0/src/core/org/apache/hadoop/io/file/tfile/BCFile.java,292,301,10
stackoverflow_formatted/23713317_0.java,62,71,columba-1/columba-1.0-src/src/addressbook/core/org/columba/addressbook/parser/VCardParser.java,144,153,10
stackoverflow_formatted/25501095_0.java,29,42,columba-1/columba-1.0-src/src/mail/core/org/columba/mail/gui/message/command/ViewMessageSourceCommand.java,46,59,14
stackoverflow_formatted/23691166_0.java,78,89,iText-src-5/src/core/com/itextpdf/text/pdf/qrcode/QRCode.java,14,25,12
stackoverflow_formatted/7324159_1.java,17,27,FitLibrary20100806/fitnesse/lib/src/fitlibrarySrc/fitlibrary/traverse/workflow/DoTraverseInterpreter.java,82,92,11
stackoverflow_formatted/25778305_0.java,75,85,heritrix-1/heritrix-1.14.4/src/java/org/archive/util/HttpRecorder.java,54,68,11
stackoverflow_formatted/24344967_0.java,192,202,aoisrc281/AoIsrc281/ArtOfIllusion/src/artofillusion/procedural/InterpModule.java,10,19,10
stackoverflow_formatted/21849373_1.java,42,54,heritrix-1/heritrix-1.14.4/src/java/org/archive/crawler/fetcher/FetchHTTP.java,154,168,13
stackoverflow_formatted/25534235_1.java,32,51,commons-collections-3/commons-collections-3.2.1-src/src/test/org/apache/commons/collections/list/TestCursorableLinkedList.java,1008,1028,20
stackoverflow_formatted/25235789_0.java,33,46,freecol-0/freecol/src/net/sf/freecol/common/util/XMLStream.java,21,32,12
stackoverflow_formatted/3964797_1.java,2,13,hadoop-1/hadoop-1.0.0/src/mapred/org/apache/hadoop/mapred/JobTracker.java,3285,3295,11
stackoverflow_formatted/23562986_0.java,21,34,c-jdbc-2/c-jdbc-2.0.2-src/src/org/objectweb/cjdbc/controller/requestmanager/distributed/RAIDb1DistributedRequestManager.java,1177,1186,10
stackoverflow_formatted/16631200_1.java,5,14,aoisrc281/AoIsrc281/SPManager/src/artofillusion/spmanager/HttpSPMFileSystem.java,636,645,10
stackoverflow_formatted/17114418_0.java,19,38,FitLibrary20100806/fitnesse/lib/src/fitbookSrc/StartSokoban.java,19,35,17
stackoverflow_formatted/8409971_0.java,31,44,JGroups-2/JGroups-2.10.0.GA.src/src/org/jgroups/protocols/FRAG2.java,220,233,14
stackoverflow_formatted/11439019_0.java,84,93,htmlunit-2/htmlunit-2.8/src/test/java/com/gargoylesoftware/htmlunit/html/DomNodeTest.java,184,193,10
stackoverflow_formatted/14659640_0.java,48,57,columba-1/columba-1.0-src/src/mail/core/org/columba/mail/spam/rules/SubjectWhitespaceRule.java,19,29,10
stackoverflow_formatted/15174176_0.java,4,13,columba-1/columba-1.0-src/src/mail/core/org/columba/mail/gui/config/account/ReceiveOptionsPanel.java,149,158,10
stackoverflow_formatted/11499537_0.java,5,15,Compiere_330_Source/release_330/base/src/org/compiere/model/MAssignmentSlot.java,291,303,11
stackoverflow_formatted/11745132_0.java,42,58,apache-ant-1.8.4/src/main/org/apache/tools/ant/taskdefs/optional/ejb/IPlanetEjbc.java,764,780,17
stackoverflow_formatted/7782749_1.java,189,205,hadoop-1/hadoop-1.0.0/src/core/org/apache/hadoop/util/StringUtils.java,396,415,17
stackoverflow_formatted/7811769_1.java,38,48,hadoop-1/hadoop-1.0.0/src/test/org/apache/hadoop/mapred/TestJvmManager.java,98,109,11
stackoverflow_formatted/16308506_0.java,31,40,freecol-0/freecol/src/net/sf/freecol/common/networking/Client.java,55,64,10
stackoverflow_formatted/21913079_0.java,46,59,hadoop-1/hadoop-1.0.0/src/test/org/apache/hadoop/mapreduce/security/TestTokenCache.java,116,125,10
stackoverflow_formatted/23485641_1.java,72,108,jext-sources-5/jext-src-5.0/src/lib/org/jext/console/ConsoleListDir.java,44,86,37
stackoverflow_formatted/14162885_0.java,13,22,findbugs-1/findbugs-1.3.9/src/java/edu/umd/cs/findbugs/detect/CheckTypeQualifiers.java,308,323,10
stackoverflow_formatted/18560756_0.java,16,29,findbugs-1/findbugs-1.3.9/src/java/edu/umd/cs/findbugs/ba/obl/StateSet.java,122,135,14
stackoverflow_formatted/13914445_0.java,19,28,apache-ant-1.8.4/src/main/org/apache/tools/ant/types/selectors/modifiedselector/PropertiesfileCache.java,31,40,10
stackoverflow_formatted/24807860_0.java,3,12,galleon-2/src/org/lnicholls/galleon/util/Tools.java,694,703,10
stackoverflow_formatted/6008967_0.java,9,18,hadoop-1/hadoop-1.0.0/src/contrib/capacity-scheduler/src/java/org/apache/hadoop/mapred/CapacitySchedulerQueue.java,745,755,10
stackoverflow_formatted/10901164_0.java,8,17,c-jdbc-2/c-jdbc-2.0.2-src/src/org/objectweb/cjdbc/controller/loadbalancer/tasks/AbstractTask.java,69,78,10
stackoverflow_formatted/11322071_0.java,6,15,findbugs-1/findbugs-1.3.9/src/java/edu/umd/cs/findbugs/ba/SourceFinder.java,109,119,10
stackoverflow_formatted/11511380_0.java,8,17,jgraphpad-5/jgraphpad-5.10.0.2-src/src/org/microplatform/loaders/PluginInvoker.java,172,181,10
stackoverflow_formatted/12491099_0.java,3,13,Compiere_330_Source/release_330/base/src/org/compiere/model/MMatchPO.java,522,531,10
stackoverflow_formatted/23147199_0.java,7,16,heritrix-1/heritrix-1.14.4/src/java/org/archive/crawler/admin/CrawlJobHandler.java,490,501,10
stackoverflow_formatted/20659881_0.java,2,13,hadoop-1/hadoop-1.0.0/src/test/org/apache/hadoop/util/TestProcfsBasedProcessTree.java,86,102,12
stackoverflow_formatted/16023028_0.java,4,13,columba-1/columba-1.0-src/src/columba/core/org/columba/core/component/ComponentManager.java,51,60,10
stackoverflow_formatted/15817873_0.java,16,25,freecol-0/freecol/src/net/sf/freecol/client/gui/panel/DeclarationDialog.java,36,45,10
stackoverflow_formatted/15240867_1.java,89,98,apache-ant-1.8.4/src/tests/junit/org/apache/tools/ant/types/selectors/ModifiedSelectorTest.java,72,82,10
stackoverflow_formatted/9619126_0.java,12,21,Compiere_330_Source/release_330/base/src/org/compiere/model/GridTable.java,1886,1899,10
stackoverflow_formatted/16356880_3.java,6,20,cobertura-1/cobertura-1.9.4.1/src/net/sourceforge/cobertura/util/FileLocker.java,47,62,15
stackoverflow_formatted/16361198_0.java,56,68,findbugs-1/findbugs-1.3.9/src/java5/edu/umd/cs/findbugs/gui2/MainFrame.java,1430,1442,13
stackoverflow_formatted/22128716_0.java,33,43,heritrix-1/heritrix-1.14.4/src/java/org/archive/crawler/frontier/AdaptiveRevisitFrontier.java,601,610,10
stackoverflow_formatted/6236324_0.java,261,270,aoisrc281/AoIsrc281/ArtOfIllusion/src/artofillusion/animation/distortion/ShatterTrack.java,36,51,10
stackoverflow_formatted/17280661_0.java,13,22,Compiere_330_Source/release_330/base/src/org/compiere/process/RequisitionPOCreate.java,159,168,10
stackoverflow_formatted/4785346_0.java,35,47,hadoop-1/hadoop-1.0.0/src/test/org/apache/hadoop/ipc/TestRPC.java,52,64,13
stackoverflow_formatted/12913765_0.java,2,11,apache-ant-1.8.4/src/tests/junit/org/apache/tools/ant/taskdefs/optional/net/FTPTest.java,69,78,10
stackoverflow_formatted/19933277_0.java,8,17,columba-1/columba-1.0-src/src/mail/test/org/columba/mail/folder/FolderTstHelper.java,23,33,10
stackoverflow_formatted/21299467_1.java,6,16,Compiere_330_Source/release_330/base/src/org/compiere/model/MUOMConversion.java,526,535,10
stackoverflow_formatted/11187462_0.java,45,61,c-jdbc-2/c-jdbc-2.0.2-src/src/org/objectweb/cjdbc/common/util/LoggingOutputStream.java,36,52,17
stackoverflow_formatted/9005634_0.java,92,101,antlr4-4.0/runtime/Java/src/org/antlr/v4/runtime/atn/PredictionContext.java,194,203,10
stackoverflow_formatted/3711305_1.java,12,22,antlr4-4.0/tool/src/org/antlr/v4/semantics/SymbolChecks.java,146,155,10
stackoverflow_formatted/21710105_0.java,107,117,c-jdbc-2/c-jdbc-2.0.2-src/src/org/objectweb/cjdbc/controller/requestmanager/RequestManager.java,593,604,11
stackoverflow_formatted/21972428_0.java,29,39,aoisrc281/ArtOfIllusion/src/artofillusion/procedural/InterpModule.java,10,19,10
stackoverflow_formatted/10264407_0.java,72,81,hadoop-1/hadoop-1.0.0/src/test/org/apache/hadoop/io/retry/TestRetryProxy.java,24,33,10
stackoverflow_formatted/14276466_3.java,137,146,Compiere_330_Source/release_330/serverRoot/src/main/server/org/compiere/acct/DocLine_Allocation.java,34,46,10
stackoverflow_formatted/24826689_0.java,42,51,galleon-2/src/org/lnicholls/galleon/apps/podcasting/PodcastingThread.java,421,432,10
stackoverflow_formatted/23634030_0.java,29,38,findbugs-1/findbugs-1.3.9/src/java/edu/umd/cs/findbugs/detect/FindRefComparison.java,164,173,10
stackoverflow_formatted/16138562_0.java,33,42,c-jdbc-2/c-jdbc-2.0.2-src/test/src/org/objectweb/cjdbc/scenario/standalone/backend/DatabaseBackendTest.java,87,99,10
stackoverflow_formatted/22803872_0.java,2,11,galleon-2/src/org/lnicholls/galleon/util/IMDB.java,600,609,10
stackoverflow_formatted/19700477_1.java,3,12,hadoop-1/hadoop-1.0.0/src/hdfs/org/apache/hadoop/hdfs/server/datanode/BlockReceiver.java,392,401,10
stackoverflow_formatted/9615354_0.java,31,40,heritrix-1/heritrix-1.14.4/src/java/org/archive/util/OneLineSimpleLogger.java,45,55,10
stackoverflow_formatted/12707482_0.java,163,172,jFin_DateMath_R1_0_1_src/src/main/java/org/jfin/date/accrual/AccrualPeriod.java,34,43,10
stackoverflow_formatted/19991961_0.java,34,46,jext-sources-5/jext-src-5.0/src/lib/org/jext/misc/JextMail.java,153,163,11
stackoverflow_formatted/6839532_0.java,4,13,aoisrc281/SPManager/src/artofillusion/spmanager/InstallSplitPane.java,74,83,10
stackoverflow_formatted/14508757_0.java,32,41,freecol-0/freecol/src/net/sf/freecol/client/control/MapEditorController.java,104,113,10
stackoverflow_formatted/17583711_0.java,26,35,freecol-0/freecol/src/net/sf/freecol/client/control/ConnectController.java,365,375,10
stackoverflow_formatted/10836790_1.java,2,12,JGroups-2/JGroups-2.10.0.GA.src/tests/stress/org/jgroups/tests/UnicastStressTestRpc.java,43,53,11
stackoverflow_formatted/21257228_0.java,45,54,c-jdbc-2/c-jdbc-2.0.2-src/src/org/objectweb/cjdbc/controller/backend/DatabaseBackend.java,665,674,10
stackoverflow_formatted/5601231_0.java,4,16,Compiere_330_Source/release_330/base/src/org/compiere/model/MLead.java,430,445,13
stackoverflow_formatted/23784222_1.java,49,58,hadoop-1/hadoop-1.0.0/src/contrib/fairscheduler/src/test/org/apache/hadoop/mapred/TestFairSchedulerSystem.java,124,133,10
stackoverflow_formatted/21582522_0.java,108,117,Compiere_330_Source/release_330/base/src/org/compiere/model/MDataMigrationPreview.java,42,51,10
stackoverflow_formatted/7314038_0.java,12,21,hadoop-1/hadoop-1.0.0/src/test/org/apache/hadoop/mapred/UtilsForTests.java,616,627,10
stackoverflow_formatted/7815736_1.java,6,17,iText-src-5/src/core/com/itextpdf/text/html/simpleparser/FactoryProperties.java,313,323,11
stackoverflow_formatted/17784005_0.java,28,37,hadoop-1/hadoop-1.0.0/src/test/org/apache/hadoop/mapred/TestMiniMRTaskTempDir.java,97,107,10
stackoverflow_formatted/6667523_0.java,44,53,hadoop-1/hadoop-1.0.0/src/hdfs/org/apache/hadoop/hdfs/server/datanode/FSDataset.java,1149,1158,10
stackoverflow_formatted/21443880_0.java,3,14,Compiere_330_Source/release_330/ad/src/org/compiere/model/MColumn.java,78,92,12
stackoverflow_formatted/22472402_2.java,14,25,hadoop-1/hadoop-1.0.0/src/core/org/apache/hadoop/metrics2/util/SampleStat.java,30,42,12
stackoverflow_formatted/19503683_0.java,19,29,hadoop-1/hadoop-1.0.0/src/hdfs/org/apache/hadoop/hdfs/DFSClient.java,2701,2710,10
stackoverflow_formatted/3964904_0.java,124,133,axion-1.0-M2-src/axion-1.0-M2/src/org/axiondb/engine/BaseTable.java,162,171,10
stackoverflow_formatted/9242181_0.java,16,25,freecs-1/freecs-1.3.20100406/src/freecs/util/MessageTemplateFinder.java,18,27,10
stackoverflow_formatted/15439073_0.java,2,16,c-jdbc-2/c-jdbc-2.0.2-src/test/src/org/objectweb/cjdbc/scenario/tools/components/ComponentManager.java,107,121,15
stackoverflow_formatted/21871923_2.java,2,12,Compiere_330_Source/release_330/ad/src/org/compiere/db/Join.java,88,97,10
stackoverflow_formatted/17966245_0.java,208,219,freecol-0/freecol/src/net/sf/freecol/client/gui/panel/BuildQueuePanel.java,621,632,12
stackoverflow_formatted/16097132_0.java,22,31,hsqldb-2/hsqldb-2.0.0/hsqldb/src/org/hsqldb/test/TestCascade.java,14,23,10
stackoverflow_formatted/11281816_0.java,4,13,findbugs-1/findbugs-1.3.9/src/java/edu/umd/cs/findbugs/TextUICommandLine.java,450,459,10
stackoverflow_formatted/19341961_1.java,40,50,hadoop-1/hadoop-1.0.0/src/mapred/org/apache/hadoop/mapreduce/lib/input/FileInputFormat.java,106,117,11
stackoverflow_formatted/17651555_0.java,35,44,axion-1.0-M2-src/axion-1.0-M2/src/org/axiondb/engine/BaseWhereNodeVisitor.java,36,45,10
stackoverflow_formatted/10733331_1.java,39,48,c-jdbc-2/c-jdbc-2.0.2-src/src/org/objectweb/cjdbc/controller/loadbalancer/policies/WaitForCompletionPolicy.java,14,25,10
stackoverflow_formatted/25315560_0.java,25,40,hsqldb-2/hsqldb-2.0.0/hsqldb/src/org/hsqldb/util/TransferDb.java,81,97,16
stackoverflow_formatted/16142485_0.java,188,198,apache-ant-1.8.4/src/main/org/apache/tools/ant/DirectoryScanner.java,280,290,11
stackoverflow_formatted/7785771_0.java,77,86,apache-ant-1.8.4/src/main/org/apache/tools/ant/taskdefs/Javac.java,541,552,10
stackoverflow_formatted/22068381_0.java,60,70,FitLibrary20100806/fitnesse/lib/src/fitlibrarySrc/fitlibrary/traverse/FitHandler.java,14,23,10
stackoverflow_formatted/13583971_0.java,20,29,heritrix-1/heritrix-1.14.4/src/java/org/archive/crawler/frontier/BdbWorkQueue.java,39,48,10
stackoverflow_formatted/24195295_0.java,182,195,columba-1/columba-1.0-src/src/addressbook/core/org/columba/addressbook/gui/table/model/AddressbookTableModel.java,56,68,13
stackoverflow_formatted/5709995_0.java,45,59,cobertura-1/cobertura-1.9.4.1/examples/functionalconditiontest/src/test/condition/ConditionCalls.java,19,31,13
stackoverflow_formatted/19058342_0.java,9,27,jgraphpad-5/jgraphpad-5.10.0.2-src/src/org/jgraph/pad/subjgraph/GPGraphUI.java,216,225,10
stackoverflow_formatted/15014462_0.java,39,48,heritrix-1/heritrix-1.14.4/src/java/org/archive/crawler/frontier/BdbMultipleWorkQueues.java,264,273,10
stackoverflow_formatted/17164751_0.java,21,32,galleon-2/src/org/lnicholls/galleon/database/Podcast.java,198,208,11
stackoverflow_formatted/14194104_0.java,29,43,commons-collections-3/commons-collections-3.2.1-src/src/test/org/apache/commons/collections/iterators/TestUniqueFilterIterator.java,19,31,13
stackoverflow_formatted/23678026_0.java,31,41,hadoop-1/hadoop-1.0.0/src/mapred/org/apache/hadoop/mapred/JobQueueTaskScheduler.java,29,40,11
stackoverflow_formatted/25428937_4.java,4,13,aoisrc281/AoIsrc281/ArtOfIllusion/src/artofillusion/procedural/ParameterModule.java,87,97,10
stackoverflow_formatted/21581988_0.java,125,140,hadoop-1/hadoop-1.0.0/src/core/org/apache/hadoop/net/SocksSocketFactory.java,60,79,16
stackoverflow_formatted/8262815_0.java,44,61,freecol-0/freecol/src/net/sf/freecol/common/model/Operand.java,79,98,18
stackoverflow_formatted/20131985_0.java,61,70,apache-ant-1.8.4/src/main/org/apache/tools/ant/types/XMLCatalog.java,298,307,10
stackoverflow_formatted/6167260_0.java,19,30,JGroups-2/JGroups-2.10.0.GA.src/tests/junit/org/jgroups/tests/SharedTransportTest.java,326,336,11
stackoverflow_formatted/1048180_0.java,151,160,hadoop-1/hadoop-1.0.0/src/test/org/apache/hadoop/hdfs/NNBenchWithoutMR.java,78,88,10
stackoverflow_formatted/22315734_0.java,11,21,hadoop-1/hadoop-1.0.0/src/core/org/apache/hadoop/io/WritableComparator.java,44,54,11
stackoverflow_formatted/15591458_3.java,24,35,apache-ant-1.8.4/src/main/org/apache/tools/mail/MailMessage.java,223,239,12
stackoverflow_formatted/16239541_0.java,35,44,hadoop-1/hadoop-1.0.0/src/test/org/apache/hadoop/mapred/ClusterMapReduceTestCase.java,51,60,10
stackoverflow_formatted/19432413_0.java,51,66,cobertura-1/cobertura-1.9.4.1/src/net/sourceforge/cobertura/reporting/html/files/CopyFiles.java,46,59,14
stackoverflow_formatted/1322186_0.java,14,23,jgrapht-0/jgrapht-0.8.1/testsrc/org/jgrapht/graph/SerializationTest.java,37,46,10
stackoverflow_formatted/22594002_1.java,6,15,columba-1/columba-1.0-src/src/addressbook/core/org/columba/addressbook/gui/focus/FocusManager.java,46,55,10
stackoverflow_formatted/9784789_0.java,2,11,columba-1/columba-1.0-src/src/addressbook/core/org/columba/addressbook/gui/action/AddContactCardAction.java,33,42,10
stackoverflow_formatted/5646946_0.java,14,23,Compiere_330_Source/release_330/ad/src/org/compiere/util/Env.java,356,365,10
stackoverflow_formatted/12965703_0.java,8,17,jgrapht-0/jgrapht-0.8.1/src/org/jgrapht/util/PrefetchIterator.java,37,46,10
stackoverflow_formatted/21844803_0.java,22,31,aoisrc281/AoIsrc281/HelpPlugin/src/HelpPlugin.java,586,595,10
stackoverflow_formatted/18004334_0.java,174,196,fit-java-1/examples/eg/ColumnIndex.java,50,73,23
stackoverflow_formatted/13836362_1.java,15,27,antlr4-4.0/runtime/Java/src/org/antlr/v4/runtime/atn/SingletonPredictionContext.java,54,66,13
stackoverflow_formatted/24453143_1.java,59,68,htmlunit-2/htmlunit-2.8/src/main/java/com/gargoylesoftware/htmlunit/ProxyConfig.java,49,58,10
stackoverflow_formatted/13152148_0.java,10,19,james-2/src/java/org/apache/james/smtpserver/SMTPHandler.java,772,781,10
stackoverflow_formatted/20063373_0.java,13,22,cobertura-1/cobertura-1.9.4.1/src/net/sourceforge/cobertura/ant/InstrumentTask.java,104,113,10
stackoverflow_formatted/25533709_1.java,2,13,heritrix-1/heritrix-1.14.4/src/java/org/archive/crawler/filter/HTTPMidFetchUnchangedFilter.java,16,27,12
stackoverflow_formatted/6117421_0.java,21,30,findbugs-1/findbugs-1.3.9/src/java/edu/umd/cs/findbugs/graph/AbstractGraph.java,100,109,10
stackoverflow_formatted/9610789_0.java,10,19,jgrapht-0/jgrapht-0.8.1/src/org/jgrapht/graph/AbstractBaseGraph.java,228,237,10
stackoverflow_formatted/1787175_0.java,27,36,apache-ant-1.8.4/src/main/org/apache/tools/ant/taskdefs/BuildNumber.java,36,45,10
stackoverflow_formatted/19053733_0.java,5,20,hadoop-1/hadoop-1.0.0/src/contrib/failmon/src/java/org/apache/hadoop/contrib/failmon/Anonymizer.java,70,85,16
stackoverflow_formatted/17838981_0.java,9,19,hadoop-1/hadoop-1.0.0/src/mapred/org/apache/hadoop/mapred/tools/MRAdmin.java,55,65,11
stackoverflow_formatted/14801030_1.java,8,18,Compiere_330_Source/release_330/ad/src/org/compiere/model/X_Ref_C_AcctSchema_CostingLevel.java,14,24,11
stackoverflow_formatted/1982759_0.java,30,41,galleon-2/src/org/lnicholls/galleon/database/ShoutcastStation.java,61,73,12
stackoverflow_formatted/25669407_0.java,4,16,commons-collections-3/commons-collections-3.2.1-src/src/test/org/apache/commons/collections/bidimap/AbstractTestBidiMap.java,165,175,11
stackoverflow_formatted/9154472_0.java,18,30,antlr4-4.0/runtime/Java/src/org/antlr/v4/runtime/atn/LexerATNConfig.java,48,59,12
stackoverflow_formatted/4094521_0.java,27,42,apache-ant-1.8.4/src/main/org/apache/tools/ant/taskdefs/Redirector.java,529,546,16
stackoverflow_formatted/5328238_0.java,2,12,Compiere_330_Source/release_330/ad/src/org/compiere/swing/CPanel.java,65,75,11
stackoverflow_formatted/11899631_0.java,22,31,aoisrc281/Translators/src/artofillusion/translators/OBJImporter.java,536,545,10
stackoverflow_formatted/10572491_0.java,3,13,heritrix-1/heritrix-1.14.4/src/java/org/archive/util/IoUtils.java,149,159,11
stackoverflow_formatted/23603459_0.java,25,37,columba-1/columba-1.0-src/src/mail/core/org/columba/mail/gui/message/action/HeadersMenu.java,59,73,13
stackoverflow_formatted/1507676_0.java,13,25,aoisrc281/ArtOfIllusion/src/artofillusion/animation/Joint.java,112,121,10
stackoverflow_formatted/15190097_0.java,3,12,findbugs-1/findbugs-1.3.9/src/java/edu/umd/cs/findbugs/filter/CompoundMatcher.java,19,28,10
stackoverflow_formatted/17636224_0.java,109,124,shiftone-jrat-0/shiftone-jrat-0.6/src/org/shiftone/jrat/provider/rate/ui/RateModelTableModel.java,43,59,16
stackoverflow_formatted/22453894_0.java,10,19,freecol-0/freecol/src/net/sf/freecol/server/generator/River.java,137,146,10
stackoverflow_formatted/12459124_0.java,6,15,freecol-0/freecol/src/net/sf/freecol/common/model/Colony.java,634,643,10
stackoverflow_formatted/19566953_0.java,31,40,columba-1/columba-1.0-src/src/mail/core/org/columba/mail/gui/message/MessageController.java,188,198,10
stackoverflow_formatted/21802070_0.java,41,59,columba-1/columba-1.0-src/src/columba/core/org/columba/core/command/CommandCancelledException.java,19,28,10
stackoverflow_formatted/9415853_0.java,39,48,columba-1/columba-1.0-src/src/mail/core/org/columba/mail/folder/search/LuceneQueryEngine.java,100,109,10
stackoverflow_formatted/18841393_1.java,12,21,hadoop-1/hadoop-1.0.0/src/test/org/apache/hadoop/io/file/tfile/TestTFileStreams.java,322,331,10
stackoverflow_formatted/13783276_0.java,17,28,columba-1/columba-1.0-src/src/mail/core/org/columba/mail/gui/config/account/IncomingServerPanel.java,382,392,11
stackoverflow_formatted/13171520_0.java,7,21,columba-1/columba-1.0-src/src/mail/core/org/columba/mail/gui/table/plugins/BooleanHeaderRenderer.java,16,28,13
stackoverflow_formatted/11319346_0.java,27,36,findbugs-1/findbugs-1.3.9/src/java/edu/umd/cs/findbugs/ba/npe/IsNullConditionDecision.java,44,53,10
stackoverflow_formatted/20445028_0.java,17,26,c-jdbc-2/c-jdbc-2.0.2-src/src/org/objectweb/cjdbc/controller/xml/DatabasesParser.java,566,575,10
stackoverflow_formatted/7244650_0.java,9,21,apache-ant-1.8.4/src/main/org/apache/tools/ant/types/Mapper.java,158,174,13
stackoverflow_formatted/10903612_0.java,278,287,FitLibrary20100806/fitnesse/lib/src/fitlibrarySrc/fitbook/chat/ChatRoom.java,16,25,10
stackoverflow_formatted/24475366_1.java,24,33,Compiere_330_Source/release_330/ad/src/org/compiere/process/CompiereService.java,108,117,10
stackoverflow_formatted/7860144_2.java,34,44,hadoop-1/hadoop-1.0.0/src/hdfs/org/apache/hadoop/hdfs/BlockReaderLocal.java,292,301,10
stackoverflow_formatted/16221949_0.java,207,218,hadoop-1/hadoop-1.0.0/src/test/org/apache/hadoop/security/authentication/client/TestKerberosAuthenticator.java,52,61,10
stackoverflow_formatted/7860144_0.java,14,24,hadoop-1/hadoop-1.0.0/src/test/org/apache/hadoop/mapred/TestMiniMRChildTask.java,200,210,11
stackoverflow_formatted/25423980_0.java,52,61,findbugs-1/findbugs-1.3.9/src/java/edu/umd/cs/findbugs/BugCode.java,33,42,10
stackoverflow_formatted/8563446_0.java,28,41,c-jdbc-2/c-jdbc-2.0.2-src/src/org/objectweb/cjdbc/controller/recoverylog/RecoveryLog.java,956,969,14
stackoverflow_formatted/4329039_4.java,7,19,apache-ant-1.8.4/src/main/org/apache/tools/ant/filters/ReplaceTokens.java,119,131,13
stackoverflow_formatted/18332871_0.java,34,43,aoisrc281/AoIsrc281/ArtOfIllusion/src/artofillusion/procedural/JitterModule.java,149,161,10
stackoverflow_formatted/15624741_0.java,25,34,hsqldb-2/hsqldb-2.0.0/hsqldb/src/org/hsqldb/Routine.java,413,422,10
stackoverflow_formatted/14927648_0.java,19,28,hadoop-1/hadoop-1.0.0/src/contrib/hdfsproxy/src/java/org/apache/hadoop/hdfsproxy/HdfsProxy.java,52,61,10
stackoverflow_formatted/23638603_0.java,147,167,findbugs-1/findbugs-1.3.9/src/java/edu/umd/cs/findbugs/cloud/db/DBStats.java,64,84,21
stackoverflow_formatted/90512_0.java,46,57,hadoop-1/hadoop-1.0.0/src/test/org/apache/hadoop/io/file/tfile/TestTFileComparators.java,62,71,10
stackoverflow_formatted/3536861_1.java,10,23,commons-collections-3/commons-collections-3.2.1-src/src/java/org/apache/commons/collections/keyvalue/DefaultKeyValue.java,36,47,12
stackoverflow_formatted/9753589_0.java,6,15,hadoop-1/hadoop-1.0.0/src/contrib/eclipse-plugin/src/java/org/apache/hadoop/eclipse/servers/HadoopLocationWizard.java,567,576,10
stackoverflow_formatted/4647305_0.java,42,62,heritrix-1/heritrix-1.14.4/src/java/org/archive/crawler/framework/WriterPoolProcessor.java,364,382,19
stackoverflow_formatted/13830265_1.java,79,88,c-jdbc-2/c-jdbc-2.0.2-src/src/org/objectweb/cjdbc/controller/virtualdatabase/protocol/DistributedTransactionMarker.java,17,27,10
stackoverflow_formatted/350958_0.java,41,50,cobertura-1/cobertura-1.9.4.1/src/net/sourceforge/cobertura/coveragedata/CoverageDataFileHandler.java,83,93,10
stackoverflow_formatted/11106168_1.java,2,11,c-jdbc-2/c-jdbc-2.0.2-src/src/org/objectweb/cjdbc/controller/backup/OctopusBackuper.java,417,428,10
stackoverflow_formatted/7168203_0.java,7,16,axion-1.0-M2-src/axion-1.0-M2/src/org/axiondb/engine/DiskTable.java,534,543,10
stackoverflow_formatted/5140858_0.java,4,14,Compiere_330_Source/release_330/print/src/org/compiere/print/PrintDataFunction.java,91,100,10
stackoverflow_formatted/11843165_0.java,25,34,Compiere_330_Source/release_330/ad/src/org/compiere/util/CStatement.java,455,467,10
stackoverflow_formatted/17995031_0.java,180,190,aoisrc281/AoIsrc281/ArtOfIllusion/src/artofillusion/view/GLCanvasDrawer.java,42,52,11
stackoverflow_formatted/20061563_0.java,6,15,JGroups-2/JGroups-2.10.0.GA.src/tests/other/org/jgroups/tests/UnicastChannelTest.java,40,49,10
stackoverflow_formatted/8185415_0.java,50,60,findbugs-1/findbugs-1.3.9/src/java/edu/umd/cs/findbugs/detect/CalledMethods.java,21,31,11
stackoverflow_formatted/16301104_0.java,3,16,apache-ant-1.8.4/src/main/org/apache/tools/ant/Diagnostics.java,101,113,13
stackoverflow_formatted/6683609_0.java,11,20,apache-ant-1.8.4/src/tests/junit/org/apache/tools/ant/IncludeTest.java,28,37,10
stackoverflow_formatted/11482099_0.java,27,37,aoisrc281/ArtOfIllusion/src/artofillusion/keystroke/KeystrokePreferencesPanel.java,48,58,11
stackoverflow_formatted/521235_0.java,19,29,antlr4-4.0/tool/src/org/antlr/v4/codegen/model/decl/ContextGetterDecl.java,15,25,11
stackoverflow_formatted/22741338_0.java,25,34,aoisrc281/AoIsrc281/SPManager/src/artofillusion/spmanager/InstallSplitPane.java,55,64,10
stackoverflow_formatted/9557692_1.java,51,60,hadoop-1/hadoop-1.0.0/src/mapred/org/apache/hadoop/mapred/MergeSorter.java,23,34,10
stackoverflow_formatted/17684287_0.java,11,23,apache-ant-1.8.4/src/main/org/apache/tools/ant/util/depend/AbstractAnalyzer.java,98,110,13
stackoverflow_formatted/8048634_0.java,52,64,commons-collections-3/commons-collections-3.2.1-src/src/test/org/apache/commons/collections/iterators/TestIteratorChain.java,122,133,12
stackoverflow_formatted/25123241_0.java,59,72,aoisrc281/SPManager/src/artofillusion/spmanager/HttpSPMFileSystem.java,524,536,13
stackoverflow_formatted/16100032_0.java,2,11,columba-1/columba-1.0-src/plugins/org.columba.chat.altura/src/org/columba/chat/ui/roaster/SubscriptionListener.java,42,51,10
stackoverflow_formatted/8798750_0.java,9,18,jgraph-latest-bsd-src/src/org/jgraph/graph/AbstractCellView.java,270,280,10
stackoverflow_formatted/8081546_0.java,3,12,columba-1/columba-1.0-src/src/columba/core/org/columba/core/gui/menu/MenuXMLDecoder.java,37,46,10
stackoverflow_formatted/22017053_0.java,5,14,aoisrc281/AoIsrc281/Translators/src/artofillusion/translators/TextureImageExporter.java,22,31,10
stackoverflow_formatted/8722391_1.java,12,22,heritrix-1/heritrix-1.14.4/src/java/org/archive/crawler/settings/XMLSettingsHandler.java,85,99,11
stackoverflow_formatted/21883075_0.java,27,36,columba-1/columba-1.0-src/src/mail/core/org/columba/mail/folder/imap/IMAPRootFolder.java,215,224,10
